{"v":"5.7.4","fr":30,"ip":0,"op":150,"w":802,"h":922,"nm":"woman","ddd":0,"assets":[],"layers":[{"ddd":0,"ind":2,"ty":4,"nm":"eye1","parent":5,"sr":1,"ks":{"o":{"a":0,"k":100,"ix":11},"r":{"a":0,"k":0,"ix":10},"p":{"a":1,"k":[{"i":{"x":0.5,"y":1},"o":{"x":0.5,"y":0},"t":24,"s":[25.076,81.517,0],"to":[0,0,0],"ti":[0,0,0]},{"i":{"x":0.5,"y":1},"o":{"x":0.5,"y":0},"t":51,"s":[21.856,81.87,0],"to":[0,0,0],"ti":[0,0,0]},{"i":{"x":0.5,"y":1},"o":{"x":0.5,"y":0},"t":129,"s":[21.856,81.87,0],"to":[0,0,0],"ti":[0,0,0]},{"t":145,"s":[25.076,81.517,0]}],"ix":2,"l":2},"a":{"a":0,"k":[4.066,4.067,0],"ix":1,"l":2},"s":{"a":0,"k":[100,100,100],"ix":6,"l":2}},"ao":0,"shapes":[{"ty":"gr","it":[{"ind":0,"ty":"sh","ix":1,"ks":{"a":1,"k":[{"i":{"x":0.833,"y":1},"o":{"x":0.333,"y":0},"t":21.6,"s":[{"i":[[0,-2.109],[2.107,0],[0,2.107],[-2.108,0]],"o":[[0,2.107],[-2.108,0],[0,-2.109],[2.107,0]],"v":[[3.816,0.001],[0,3.817],[-3.817,0.001],[0,-3.817]],"c":true}]},{"i":{"x":0.833,"y":1},"o":{"x":0.167,"y":0},"t":25.2,"s":[{"i":[[-0.801,1.493],[2.107,0],[0,2.107],[-2.108,0]],"o":[[0,2.107],[-2.108,0],[0.903,1.743],[2.107,0]],"v":[[3.871,2.251],[0,3.817],[-3.77,2.376],[-0.125,3.433]],"c":true}]},{"i":{"x":0.667,"y":1},"o":{"x":0.167,"y":0},"t":26.4,"s":[{"i":[[-0.801,1.493],[2.107,0],[0,2.107],[-2.108,0]],"o":[[0,2.107],[-2.108,0],[0.903,1.743],[2.107,0]],"v":[[3.871,2.251],[0,3.817],[-3.77,2.376],[-0.125,3.433]],"c":true}]},{"i":{"x":0.833,"y":1},"o":{"x":0.167,"y":0},"t":30,"s":[{"i":[[0,-2.109],[2.107,0],[0,2.107],[-2.108,0]],"o":[[0,2.107],[-2.108,0],[0,-2.109],[2.107,0]],"v":[[3.816,0.001],[0,3.817],[-3.817,0.001],[0,-3.817]],"c":true}]},{"i":{"x":0.833,"y":1},"o":{"x":0.333,"y":0},"t":103.2,"s":[{"i":[[0,-2.109],[2.107,0],[0,2.107],[-2.108,0]],"o":[[0,2.107],[-2.108,0],[0,-2.109],[2.107,0]],"v":[[3.816,0.001],[0,3.817],[-3.817,0.001],[0,-3.817]],"c":true}]},{"i":{"x":0.833,"y":1},"o":{"x":0.167,"y":0},"t":106.8,"s":[{"i":[[-0.801,1.493],[2.107,0],[0,2.107],[-2.108,0]],"o":[[0,2.107],[-2.108,0],[0.903,1.743],[2.107,0]],"v":[[3.871,2.251],[0,3.817],[-3.77,2.376],[-0.125,3.433]],"c":true}]},{"i":{"x":0.667,"y":1},"o":{"x":0.167,"y":0},"t":108,"s":[{"i":[[-0.801,1.493],[2.107,0],[0,2.107],[-2.108,0]],"o":[[0,2.107],[-2.108,0],[0.903,1.743],[2.107,0]],"v":[[3.871,2.251],[0,3.817],[-3.77,2.376],[-0.125,3.433]],"c":true}]},{"t":111.599609375,"s":[{"i":[[0,-2.109],[2.107,0],[0,2.107],[-2.108,0]],"o":[[0,2.107],[-2.108,0],[0,-2.109],[2.107,0]],"v":[[3.816,0.001],[0,3.817],[-3.817,0.001],[0,-3.817]],"c":true}]}],"ix":2},"nm":"Path 1","mn":"ADBE Vector Shape - Group","hd":false},{"ty":"fl","c":{"a":0,"k":[0.19199999641,0.128999986836,0.075,1],"ix":4,"x":"var $bm_rt;\ntry {\n    $bm_rt = thisComp.layer('Controller').effect('Color')('ADBE Color Control-0001');\n} catch (e) {\n    $bm_rt = value;\n}"},"o":{"a":0,"k":100,"ix":5},"r":1,"bm":0,"nm":"Fill 1","mn":"ADBE Vector Graphic - Fill","hd":false},{"ty":"tr","p":{"a":0,"k":[1.816,4.067],"ix":2},"a":{"a":0,"k":[0,0],"ix":1},"s":{"a":0,"k":[100,100],"ix":3},"r":{"a":0,"k":0,"ix":6},"o":{"a":0,"k":100,"ix":7},"sk":{"a":0,"k":0,"ix":4},"sa":{"a":0,"k":0,"ix":5},"nm":"Transformar"}],"nm":"Group 1","np":2,"cix":2,"bm":0,"ix":1,"mn":"ADBE Vector Group","hd":false}],"ip":0,"op":150,"st":0,"bm":0},{"ddd":0,"ind":3,"ty":4,"nm":"eye2","parent":5,"sr":1,"ks":{"o":{"a":0,"k":100,"ix":11},"r":{"a":0,"k":0,"ix":10},"p":{"a":1,"k":[{"i":{"x":0.5,"y":1},"o":{"x":0.5,"y":0},"t":24,"s":[48.049,81.517,0],"to":[0,0,0],"ti":[0,0,0]},{"i":{"x":0.5,"y":1},"o":{"x":0.5,"y":0},"t":51,"s":[44.83,81.87,0],"to":[0,0,0],"ti":[0,0,0]},{"i":{"x":0.5,"y":1},"o":{"x":0.5,"y":0},"t":129,"s":[44.83,81.87,0],"to":[0,0,0],"ti":[0,0,0]},{"t":145,"s":[48.049,81.517,0]}],"ix":2,"l":2},"a":{"a":0,"k":[4.066,4.067,0],"ix":1,"l":2},"s":{"a":0,"k":[100,100,100],"ix":6,"l":2}},"ao":0,"shapes":[{"ty":"gr","it":[{"ind":0,"ty":"sh","ix":1,"ks":{"a":1,"k":[{"i":{"x":0.833,"y":1},"o":{"x":0.333,"y":0},"t":21.6,"s":[{"i":[[0,-2.109],[2.107,0],[0,2.107],[-2.108,0]],"o":[[0,2.107],[-2.108,0],[0,-2.109],[2.107,0]],"v":[[3.817,0.001],[0,3.817],[-3.817,0.001],[0,-3.817]],"c":true}]},{"i":{"x":0.833,"y":1},"o":{"x":0.167,"y":0},"t":25.2,"s":[{"i":[[-0.801,1.493],[2.107,0],[0,2.107],[-2.108,0]],"o":[[0,2.107],[-2.108,0],[0.903,1.743],[2.107,0]],"v":[[3.871,2.251],[0,3.817],[-3.77,2.376],[-0.125,3.433]],"c":true}]},{"i":{"x":0.667,"y":1},"o":{"x":0.167,"y":0},"t":26.4,"s":[{"i":[[-0.801,1.493],[2.107,0],[0,2.107],[-2.108,0]],"o":[[0,2.107],[-2.108,0],[0.903,1.743],[2.107,0]],"v":[[3.871,2.251],[0,3.817],[-3.77,2.376],[-0.125,3.433]],"c":true}]},{"i":{"x":0.833,"y":1},"o":{"x":0.167,"y":0},"t":30,"s":[{"i":[[0,-2.109],[2.107,0],[0,2.107],[-2.108,0]],"o":[[0,2.107],[-2.108,0],[0,-2.109],[2.107,0]],"v":[[3.817,0.001],[0,3.817],[-3.817,0.001],[0,-3.817]],"c":true}]},{"i":{"x":0.833,"y":1},"o":{"x":0.333,"y":0},"t":103.2,"s":[{"i":[[0,-2.109],[2.107,0],[0,2.107],[-2.108,0]],"o":[[0,2.107],[-2.108,0],[0,-2.109],[2.107,0]],"v":[[3.817,0.001],[0,3.817],[-3.817,0.001],[0,-3.817]],"c":true}]},{"i":{"x":0.833,"y":1},"o":{"x":0.167,"y":0},"t":106.8,"s":[{"i":[[-0.801,1.493],[2.107,0],[0,2.107],[-2.108,0]],"o":[[0,2.107],[-2.108,0],[0.903,1.743],[2.107,0]],"v":[[3.871,2.251],[0,3.817],[-3.77,2.376],[-0.125,3.433]],"c":true}]},{"i":{"x":0.667,"y":1},"o":{"x":0.167,"y":0},"t":108,"s":[{"i":[[-0.801,1.493],[2.107,0],[0,2.107],[-2.108,0]],"o":[[0,2.107],[-2.108,0],[0.903,1.743],[2.107,0]],"v":[[3.871,2.251],[0,3.817],[-3.77,2.376],[-0.125,3.433]],"c":true}]},{"t":111.599609375,"s":[{"i":[[0,-2.109],[2.107,0],[0,2.107],[-2.108,0]],"o":[[0,2.107],[-2.108,0],[0,-2.109],[2.107,0]],"v":[[3.817,0.001],[0,3.817],[-3.817,0.001],[0,-3.817]],"c":true}]}],"ix":2},"nm":"Path 1","mn":"ADBE Vector Shape - Group","hd":false},{"ty":"fl","c":{"a":0,"k":[0.19199999641,0.128999986836,0.075,1],"ix":4,"x":"var $bm_rt;\ntry {\n    $bm_rt = thisComp.layer('Controller')('Effects')('Color')('ADBE Color Control-0001');\n} catch (e) {\n    $bm_rt = value;\n}"},"o":{"a":0,"k":100,"ix":5},"r":1,"bm":0,"nm":"Fill 1","mn":"ADBE Vector Graphic - Fill","hd":false},{"ty":"tr","p":{"a":0,"k":[4.066,4.067],"ix":2},"a":{"a":0,"k":[0,0],"ix":1},"s":{"a":0,"k":[100,100],"ix":3},"r":{"a":0,"k":0,"ix":6},"o":{"a":0,"k":100,"ix":7},"sk":{"a":0,"k":0,"ix":4},"sa":{"a":0,"k":0,"ix":5},"nm":"Transformar"}],"nm":"Group 1","np":2,"cix":2,"bm":0,"ix":1,"mn":"ADBE Vector Group","hd":false}],"ip":0,"op":150,"st":0,"bm":0},{"ddd":0,"ind":5,"ty":4,"nm":"head","parent":8,"sr":1,"ks":{"o":{"a":0,"k":100,"ix":11},"r":{"a":1,"k":[{"i":{"x":[0.5],"y":[1]},"o":{"x":[0.56],"y":[0]},"t":8,"s":[9.802]},{"i":{"x":[0.5],"y":[1]},"o":{"x":[0.5],"y":[0]},"t":24,"s":[-3.816]},{"i":{"x":[0.636],"y":[0.747]},"o":{"x":[0.532],"y":[0]},"t":51,"s":[-7.688]},{"i":{"x":[0.633],"y":[1]},"o":{"x":[0.303],"y":[0]},"t":104,"s":[-7.688]},{"i":{"x":[0.635],"y":[1]},"o":{"x":[0.303],"y":[0]},"t":117,"s":[-13.511]},{"i":{"x":[0.833],"y":[1]},"o":{"x":[0.448],"y":[0]},"t":129,"s":[-7.688]},{"t":145,"s":[9.802]}],"ix":10},"p":{"a":1,"k":[{"i":{"x":0.78,"y":1},"o":{"x":0.56,"y":0},"t":8,"s":[97.303,23.433,0],"to":[0,0,0],"ti":[0,0,0]},{"i":{"x":0.5,"y":1},"o":{"x":0.22,"y":0},"t":16,"s":[97.233,25.939,0],"to":[0,0,0],"ti":[0,0,0]},{"i":{"x":0.5,"y":0.5},"o":{"x":0.5,"y":0.5},"t":24,"s":[97.303,23.433,0],"to":[0,0,0],"ti":[0,0,0]},{"i":{"x":0.5,"y":0.5},"o":{"x":0.5,"y":0.5},"t":51,"s":[97.303,23.433,0],"to":[0,0,0],"ti":[0,0,0]},{"i":{"x":0.668,"y":1},"o":{"x":0.31,"y":0},"t":129,"s":[97.303,23.433,0],"to":[0,0,0],"ti":[0,0,0]},{"i":{"x":0.813,"y":1},"o":{"x":0.427,"y":0},"t":137,"s":[97.376,26.094,0],"to":[0,0,0],"ti":[0,0,0]},{"t":145,"s":[97.303,23.433,0]}],"ix":2,"l":2},"a":{"a":0,"k":[54.73,123.556,0],"ix":1,"l":2},"s":{"a":0,"k":[100,100,100],"ix":6,"l":2}},"ao":0,"shapes":[{"ty":"gr","it":[{"ind":0,"ty":"sh","ix":1,"ks":{"a":0,"k":{"i":[[14.323,-4.678],[-2.88,-3.838],[-8.637,-10.123],[0.383,5.373]],"o":[[0,0],[0,0],[0,0],[0,0]],"v":[[-13.77,-6.717],[-14.777,1.224],[13.098,11.395],[17.275,2.088]],"c":true},"ix":2},"nm":"Path 1","mn":"ADBE Vector Shape - Group","hd":false},{"ty":"fl","c":{"a":0,"k":[0.757000014361,0.870999983245,0.995999983245,1],"ix":4,"x":"var $bm_rt;\ntry {\n    $bm_rt = thisComp.layer('Controller').effect('Color 2')('ADBE Color Control-0001');\n} catch (e) {\n    $bm_rt = value;\n}"},"o":{"a":0,"k":100,"ix":5},"r":1,"bm":0,"nm":"Fill 1","mn":"ADBE Vector Graphic - Fill","hd":false},{"ty":"tr","p":{"a":0,"k":[68.038,29.653],"ix":2},"a":{"a":0,"k":[0,0],"ix":1},"s":{"a":0,"k":[100,100],"ix":3},"r":{"a":0,"k":0,"ix":6},"o":{"a":0,"k":100,"ix":7},"sk":{"a":0,"k":0,"ix":4},"sa":{"a":0,"k":0,"ix":5},"nm":"Transformar"}],"nm":"Group 1","np":2,"cix":2,"bm":0,"ix":1,"mn":"ADBE Vector Group","hd":false},{"ty":"gr","it":[{"ind":0,"ty":"sh","ix":1,"ks":{"a":0,"k":{"i":[[-4.532,13.319],[-24.188,-19.16],[-0.755,-71.778],[11.735,2.964],[0.656,5.387],[1.186,-6.212],[6.922,6.582],[21.65,31.853]],"o":[[4.346,-12.77],[25.748,20.398],[0,0],[0,0],[0,0],[0,0],[0,0],[-20.393,-30.001]],"v":[[-38.345,-86.814],[5.702,-93.146],[42.877,106.561],[24.088,109.342],[20.049,68.595],[18.792,106.379],[2.751,104.354],[-11.209,-46.052]],"c":true},"ix":2},"nm":"Path 1","mn":"ADBE Vector Shape - Group","hd":false},{"ty":"fl","c":{"a":0,"k":[0.19199999641,0.128999986836,0.075,1],"ix":4,"x":"var $bm_rt;\ntry {\n    $bm_rt = thisComp.layer('Controller')('Effects')('Color')('ADBE Color Control-0001');\n} catch (e) {\n    $bm_rt = value;\n}"},"o":{"a":0,"k":100,"ix":5},"r":1,"bm":0,"nm":"Fill 1","mn":"ADBE Vector Graphic - Fill","hd":false},{"ty":"tr","p":{"a":0,"k":[93.333,112.556],"ix":2},"a":{"a":0,"k":[0,0],"ix":1},"s":{"a":0,"k":[100,100],"ix":3},"r":{"a":0,"k":0,"ix":6},"o":{"a":0,"k":100,"ix":7},"sk":{"a":0,"k":0,"ix":4},"sa":{"a":0,"k":0,"ix":5},"nm":"Transformar"}],"nm":"Group 2","np":2,"cix":2,"bm":0,"ix":2,"mn":"ADBE Vector Group","hd":false},{"ty":"gr","it":[{"ind":0,"ty":"sh","ix":1,"ks":{"a":0,"k":{"i":[[0,0],[0.03,0.229],[-0.141,0.189],[-0.275,0],[-0.097,-0.035],[0,0],[0.096,-0.206],[0,0],[0,0]],"o":[[-0.186,-0.139],[-0.033,-0.233],[0.172,-0.223],[0.106,0],[0,0],[0,0],[0,0],[0,0],[0,0]],"v":[[-4.547,1.809],[-4.882,1.241],[-4.715,0.587],[-4.012,0.238],[-3.708,0.29],[4.915,-1.939],[4.141,-0.431],[4.053,-0.239],[-4.373,1.939]],"c":true},"ix":2},"nm":"Path 1","mn":"ADBE Vector Shape - Group","hd":false},{"ty":"fl","c":{"a":0,"k":[0,0,0,1],"ix":4,"x":"var $bm_rt;\ntry {\n    $bm_rt = thisComp.layer('Controller').effect('Color 3')('ADBE Color Control-0001');\n} catch (e) {\n    $bm_rt = value;\n}"},"o":{"a":0,"k":100,"ix":5},"r":1,"bm":0,"nm":"Fill 1","mn":"ADBE Vector Graphic - Fill","hd":false},{"ty":"tr","p":{"a":0,"k":[68.249,76.277],"ix":2},"a":{"a":0,"k":[0,0],"ix":1},"s":{"a":0,"k":[100,100],"ix":3},"r":{"a":0,"k":0,"ix":6},"o":{"a":0,"k":100,"ix":7},"sk":{"a":0,"k":0,"ix":4},"sa":{"a":0,"k":0,"ix":5},"nm":"Transformar"}],"nm":"Group 3","np":2,"cix":2,"bm":0,"ix":3,"mn":"ADBE Vector Group","hd":false},{"ty":"gr","it":[{"ind":0,"ty":"sh","ix":1,"ks":{"a":0,"k":{"i":[[0.762,-0.88],[-3.512,-3.768],[-2.924,0],[-0.209,0.01],[-1.667,1.907],[0.079,0.938],[7.221,0.384],[0.232,0]],"o":[[-0.518,4.797],[1.905,2.045],[0.203,0],[2.773,-0.136],[4.099,-4.687],[-0.373,-4.255],[-0.238,-0.014],[-6.192,0]],"v":[[-11.098,-6.425],[-7.062,8.611],[0.219,11.695],[0.838,11.679],[7.528,8.598],[10.964,-5.394],[0.679,-11.677],[-0.026,-11.696]],"c":true},"ix":2},"nm":"Path 1","mn":"ADBE Vector Shape - Group","hd":false},{"ind":1,"ty":"sh","ix":2,"ks":{"a":0,"k":{"i":[[0.233,0],[2.207,2.369],[-0.618,5.186],[0,0],[0,0],[-7.494,0],[-0.266,-0.014],[-0.444,-5.097],[4.536,-5.188],[3.206,-0.158]],"o":[[-3.353,0],[-3.904,-4.189],[0,0],[0,0],[0.257,-0.326],[0.262,0],[7.989,0.425],[0.088,1.004],[-1.956,2.236],[-0.24,0.011]],"v":[[0.19,13.231],[-8.189,9.661],[-12.598,-6.822],[-12.584,-6.946],[-12.496,-7.133],[-0.021,-13.231],[0.772,-13.21],[12.492,-5.537],[8.68,9.604],[0.902,13.212]],"c":true},"ix":2},"nm":"Path 2","mn":"ADBE Vector Shape - Group","hd":false},{"ty":"mm","mm":1,"nm":"Merge Paths 1","mn":"ADBE Vector Filter - Merge","hd":false},{"ty":"fl","c":{"a":0,"k":[0,0,0,1],"ix":4,"x":"var $bm_rt;\ntry {\n    $bm_rt = thisComp.layer('Controller')('Effects')('Color 3')('ADBE Color Control-0001');\n} catch (e) {\n    $bm_rt = value;\n}"},"o":{"a":0,"k":100,"ix":5},"r":1,"bm":0,"nm":"Fill 1","mn":"ADBE Vector Graphic - Fill","hd":false},{"ty":"tr","p":{"a":0,"k":[16.098,86.485],"ix":2},"a":{"a":0,"k":[0,0],"ix":1},"s":{"a":0,"k":[100,100],"ix":3},"r":{"a":0,"k":0,"ix":6},"o":{"a":0,"k":100,"ix":7},"sk":{"a":0,"k":0,"ix":4},"sa":{"a":0,"k":0,"ix":5},"nm":"Transformar"}],"nm":"Group 4","np":4,"cix":2,"bm":0,"ix":4,"mn":"ADBE Vector Group","hd":false},{"ty":"gr","it":[{"ind":0,"ty":"sh","ix":1,"ks":{"a":0,"k":{"i":[[6.37,0],[0.661,-0.077],[0.204,-4.228],[-4.381,-4.493],[-3.2,0],[0,0],[-2.245,2.749],[0.746,4.424]],"o":[[-0.626,0],[-8.01,0.929],[-0.047,0.883],[1.95,2.003],[0,0],[3.922,-0.094],[3.305,-4.049],[-0.851,-0.78]],"v":[[0.504,-11.724],[-1.424,-11.612],[-12.696,-4.538],[-8.631,8.706],[-0.866,11.724],[-0.48,11.719],[8.813,7.436],[12.094,-7.247]],"c":true},"ix":2},"nm":"Path 1","mn":"ADBE Vector Shape - Group","hd":false},{"ind":1,"ty":"sh","ix":2,"ks":{"a":0,"k":{"i":[[0,0],[2.25,2.308],[-0.209,4.292],[-8.846,1.026],[-0.681,0],[-0.046,-0.052],[0,0],[0,0],[3.683,-4.509],[4.391,-0.103]],"o":[[-3.634,0],[-3.655,-3.749],[0.253,-5.117],[0.723,-0.084],[7.782,0],[0,0],[0,0],[0.899,4.899],[-2.546,3.116],[0,0]],"v":[[-0.868,13.26],[-9.736,9.781],[-14.233,-4.602],[-1.591,-13.138],[0.513,-13.26],[13.364,-8.162],[13.452,-8.067],[13.543,-7.872],[9.999,8.401],[-0.454,13.253]],"c":true},"ix":2},"nm":"Path 2","mn":"ADBE Vector Shape - Group","hd":false},{"ty":"mm","mm":1,"nm":"Merge Paths 1","mn":"ADBE Vector Filter - Merge","hd":false},{"ty":"fl","c":{"a":0,"k":[0,0,0,1],"ix":4,"x":"var $bm_rt;\ntry {\n    $bm_rt = thisComp.layer('Controller')('Effects')('Color 3')('ADBE Color Control-0001');\n} catch (e) {\n    $bm_rt = value;\n}"},"o":{"a":0,"k":100,"ix":5},"r":1,"bm":0,"nm":"Fill 1","mn":"ADBE Vector Graphic - Fill","hd":false},{"ty":"tr","p":{"a":0,"k":[47.871,86.456],"ix":2},"a":{"a":0,"k":[0,0],"ix":1},"s":{"a":0,"k":[100,100],"ix":3},"r":{"a":0,"k":0,"ix":6},"o":{"a":0,"k":100,"ix":7},"sk":{"a":0,"k":0,"ix":4},"sa":{"a":0,"k":0,"ix":5},"nm":"Transformar"}],"nm":"Group 5","np":4,"cix":2,"bm":0,"ix":5,"mn":"ADBE Vector Group","hd":false},{"ty":"gr","it":[{"ind":0,"ty":"sh","ix":1,"ks":{"a":0,"k":{"i":[[-0.5,0],[-0.16,0.063],[-0.033,-0.016],[-0.324,0.624],[0.619,0.314],[5.252,-2.124],[-0.254,-0.647]],"o":[[0.159,0],[4.19,-1.697],[0.62,0.314],[0.323,-0.626],[-0.176,-0.09],[-0.652,0.264],[0.191,0.492]],"v":[[-4.326,2.192],[-3.847,2.098],[3.708,2.058],[5.417,1.493],[4.881,-0.207],[-4.764,-0.247],[-5.486,1.404]],"c":true},"ix":2},"nm":"Path 1","mn":"ADBE Vector Shape - Group","hd":false},{"ty":"fl","c":{"a":0,"k":[0,0,0,1],"ix":4,"x":"var $bm_rt;\ntry {\n    $bm_rt = thisComp.layer('Controller')('Effects')('Color 3')('ADBE Color Control-0001');\n} catch (e) {\n    $bm_rt = value;\n}"},"o":{"a":0,"k":100,"ix":5},"r":1,"bm":0,"nm":"Fill 1","mn":"ADBE Vector Graphic - Fill","hd":false},{"ty":"tr","p":{"a":0,"k":[31.009,77.69],"ix":2},"a":{"a":0,"k":[0,0],"ix":1},"s":{"a":0,"k":[100,100],"ix":3},"r":{"a":0,"k":0,"ix":6},"o":{"a":0,"k":100,"ix":7},"sk":{"a":0,"k":0,"ix":4},"sa":{"a":0,"k":0,"ix":5},"nm":"Transformar"}],"nm":"Group 6","np":2,"cix":2,"bm":0,"ix":6,"mn":"ADBE Vector Group","hd":false},{"ty":"gr","it":[{"ind":0,"ty":"sh","ix":1,"ks":{"a":0,"k":{"i":[[0,0],[0.075,-0.253],[-0.656,-1.481],[-0.096,-0.241],[-0.069,-0.034],[0,0],[0,0],[-0.979,0.678],[0,0]],"o":[[-5.813,0.477],[-0.194,0.671],[0.134,0.298],[0.504,1.239],[0,0],[0,0],[0.383,-2.195],[0,0],[0,0]],"v":[[2.375,-3.912],[-3.736,-2.413],[-2.824,0.838],[-2.47,1.658],[-0.316,3.77],[0.199,4.04],[0.301,3.462],[2.64,-3.145],[3.93,-4.04]],"c":true},"ix":2},"nm":"Path 1","mn":"ADBE Vector Shape - Group","hd":false},{"ty":"fl","c":{"a":0,"k":[0,0,0,1],"ix":4,"x":"var $bm_rt;\ntry {\n    $bm_rt = thisComp.layer('Controller')('Effects')('Color 3')('ADBE Color Control-0001');\n} catch (e) {\n    $bm_rt = value;\n}"},"o":{"a":0,"k":100,"ix":5},"r":1,"bm":0,"nm":"Fill 1","mn":"ADBE Vector Graphic - Fill","hd":false},{"ty":"tr","p":{"a":0,"k":[4.18,80.857],"ix":2},"a":{"a":0,"k":[0,0],"ix":1},"s":{"a":0,"k":[100,100],"ix":3},"r":{"a":0,"k":0,"ix":6},"o":{"a":0,"k":100,"ix":7},"sk":{"a":0,"k":0,"ix":4},"sa":{"a":0,"k":0,"ix":5},"nm":"Transformar"}],"nm":"Group 7","np":2,"cix":2,"bm":0,"ix":7,"mn":"ADBE Vector Group","hd":false},{"ty":"gr","it":[{"ind":0,"ty":"sh","ix":1,"ks":{"a":0,"k":{"i":[[0.255,0.669],[6.472,0.034],[0,0],[0,0],[-0.385,-1.553],[0,0],[0,0],[-0.504,1.276],[-0.132,0.306]],"o":[[-0.093,-0.242],[0,0],[0,0],[1.276,0.682],[0,0],[0,0],[0.073,-0.04],[0.098,-0.247],[0.67,-1.539]],"v":[[4.194,-2.564],[-2.656,-3.58],[-4.448,-4.157],[-2.87,-2.784],[0.07,3.634],[0.201,4.157],[0.679,3.895],[2.973,1.626],[3.328,0.786]],"c":true},"ix":2},"nm":"Path 1","mn":"ADBE Vector Shape - Group","hd":false},{"ty":"fl","c":{"a":0,"k":[0,0,0,1],"ix":4,"x":"var $bm_rt;\ntry {\n    $bm_rt = thisComp.layer('Controller')('Effects')('Color 3')('ADBE Color Control-0001');\n} catch (e) {\n    $bm_rt = value;\n}"},"o":{"a":0,"k":100,"ix":5},"r":1,"bm":0,"nm":"Fill 1","mn":"ADBE Vector Graphic - Fill","hd":false},{"ty":"tr","p":{"a":0,"k":[60.434,79.793],"ix":2},"a":{"a":0,"k":[0,0],"ix":1},"s":{"a":0,"k":[100,100],"ix":3},"r":{"a":0,"k":0,"ix":6},"o":{"a":0,"k":100,"ix":7},"sk":{"a":0,"k":0,"ix":4},"sa":{"a":0,"k":0,"ix":5},"nm":"Transformar"}],"nm":"Group 8","np":2,"cix":2,"bm":0,"ix":8,"mn":"ADBE Vector Group","hd":false},{"ty":"gr","it":[{"ind":0,"ty":"sh","ix":1,"ks":{"a":0,"k":{"i":[[0.146,-0.191],[0,0],[-11.691,-3.893],[0,0]],"o":[[0,0],[0.178,-0.25],[0,0],[-10.002,-3.336]],"v":[[-6.275,3.7],[-8.1,2.379],[8.1,0.193],[7.387,2.334]],"c":true},"ix":2},"nm":"Path 1","mn":"ADBE Vector Shape - Group","hd":false},{"ty":"fl","c":{"a":0,"k":[0.19199999641,0.128999986836,0.075,1],"ix":4,"x":"var $bm_rt;\ntry {\n    $bm_rt = thisComp.layer('Controller')('Effects')('Color')('ADBE Color Control-0001');\n} catch (e) {\n    $bm_rt = value;\n}"},"o":{"a":0,"k":100,"ix":5},"r":1,"bm":0,"nm":"Fill 1","mn":"ADBE Vector Graphic - Fill","hd":false},{"ty":"tr","p":{"a":0,"k":[46.227,72.014],"ix":2},"a":{"a":0,"k":[0,0],"ix":1},"s":{"a":0,"k":[100,100],"ix":3},"r":{"a":0,"k":0,"ix":6},"o":{"a":0,"k":100,"ix":7},"sk":{"a":0,"k":0,"ix":4},"sa":{"a":0,"k":0,"ix":5},"nm":"Transformar"}],"nm":"Group 9","np":2,"cix":2,"bm":0,"ix":9,"mn":"ADBE Vector Group","hd":false},{"ty":"gr","it":[{"ind":0,"ty":"sh","ix":1,"ks":{"a":0,"k":{"i":[[1.126,0],[0.738,1.17],[-0.592,0.533],[0.227,0.98],[0.533,0.565],[-2.105,2.503],[-1.06,0.012],[0,0],[-0.408,-0.463],[0,0],[1.662,0],[0,0],[0.27,-0.324],[-0.813,-0.863],[-0.349,-1.502],[0.728,-0.658],[0.079,-0.1],[-0.051,-0.08],[-0.027,0.011],[0,0]],"o":[[-1.191,0.001],[-1.125,-1.779],[0.619,-0.559],[-0.209,-0.908],[-1.178,-1.252],[0.693,-0.825],[0,0],[3.223,0],[0,0],[-1.278,-1.448],[0,0],[-0.405,0.004],[-0.988,1.174],[0.612,0.651],[0.526,2.274],[-0.13,0.116],[0.018,0.02],[0.714,1.133],[0,0],[-0.782,0.369]],"v":[[-1.066,7.598],[-4.174,6.038],[-3.477,2.618],[-2.745,0.771],[-3.989,-1.235],[-3.946,-6.321],[-1.266,-7.599],[-1.224,-7.599],[6.052,-3.098],[4.359,-1.609],[-1.219,-5.344],[-1.242,-5.344],[-2.219,-4.87],[-2.346,-2.781],[-0.545,0.263],[-1.969,4.294],[-2.364,4.677],[-2.266,4.834],[1.018,4.841],[1.976,6.881]],"c":true},"ix":2},"nm":"Path 1","mn":"ADBE Vector Shape - Group","hd":false},{"ty":"fl","c":{"a":0,"k":[0.19199999641,0.128999986836,0.075,1],"ix":4,"x":"var $bm_rt;\ntry {\n    $bm_rt = thisComp.layer('Controller')('Effects')('Color')('ADBE Color Control-0001');\n} catch (e) {\n    $bm_rt = value;\n}"},"o":{"a":0,"k":100,"ix":5},"r":1,"bm":0,"nm":"Fill 1","mn":"ADBE Vector Graphic - Fill","hd":false},{"ty":"tr","p":{"a":0,"k":[81.637,82.578],"ix":2},"a":{"a":0,"k":[0,0],"ix":1},"s":{"a":0,"k":[100,100],"ix":3},"r":{"a":0,"k":0,"ix":6},"o":{"a":0,"k":100,"ix":7},"sk":{"a":0,"k":0,"ix":4},"sa":{"a":0,"k":0,"ix":5},"nm":"Transformar"}],"nm":"Group 10","np":2,"cix":2,"bm":0,"ix":10,"mn":"ADBE Vector Group","hd":false},{"ty":"gr","it":[{"ind":0,"ty":"sh","ix":1,"ks":{"a":0,"k":{"i":[[1.905,-5.954],[-5.953,-1.906],[-1.906,5.953],[5.954,1.908]],"o":[[-1.907,5.954],[5.954,1.907],[1.907,-5.955],[-5.954,-1.906]],"v":[[-10.78,-3.452],[-3.453,10.78],[10.78,3.452],[3.452,-10.781]],"c":true},"ix":2},"nm":"Path 1","mn":"ADBE Vector Shape - Group","hd":false},{"ty":"fl","c":{"a":0,"k":[0.984313785329,0.63137254902,0.607843137255,1],"ix":4,"x":"var $bm_rt;\ntry {\n    $bm_rt = thisComp.layer('Controller').effect('Color 4')('ADBE Color Control-0001');\n} catch (e) {\n    $bm_rt = value;\n}"},"o":{"a":0,"k":100,"ix":5},"r":1,"bm":0,"nm":"Fill 1","mn":"ADBE Vector Graphic - Fill","hd":false},{"ty":"tr","p":{"a":0,"k":[79.64,83.742],"ix":2},"a":{"a":0,"k":[0,0],"ix":1},"s":{"a":0,"k":[100,100],"ix":3},"r":{"a":0,"k":0,"ix":6},"o":{"a":0,"k":100,"ix":7},"sk":{"a":0,"k":0,"ix":4},"sa":{"a":0,"k":0,"ix":5},"nm":"Transformar"}],"nm":"Group 11","np":2,"cix":2,"bm":0,"ix":11,"mn":"ADBE Vector Group","hd":false},{"ty":"gr","it":[{"ind":0,"ty":"sh","ix":1,"ks":{"a":0,"k":{"i":[[1.881,-12.589],[5.847,12.898],[10.365,-1.949],[3.924,-13.793],[-30.899,6.829]],"o":[[0,0],[-7.155,-15.785],[0,0],[0,0],[30.049,-6.64]],"v":[[32.619,16.728],[19.739,12.168],[-22.846,0.764],[-28.214,15.671],[-3.601,-18.426]],"c":true},"ix":2},"nm":"Path 1","mn":"ADBE Vector Shape - Group","hd":false},{"ty":"fl","c":{"a":0,"k":[0.19199999641,0.128999986836,0.075,1],"ix":4,"x":"var $bm_rt;\ntry {\n    $bm_rt = thisComp.layer('Controller')('Effects')('Color')('ADBE Color Control-0001');\n} catch (e) {\n    $bm_rt = value;\n}"},"o":{"a":0,"k":100,"ix":5},"r":1,"bm":0,"nm":"Fill 1","mn":"ADBE Vector Graphic - Fill","hd":false},{"ty":"tr","p":{"a":0,"k":[44.629,55.855],"ix":2},"a":{"a":0,"k":[0,0],"ix":1},"s":{"a":0,"k":[100,100],"ix":3},"r":{"a":0,"k":0,"ix":6},"o":{"a":0,"k":100,"ix":7},"sk":{"a":0,"k":0,"ix":4},"sa":{"a":0,"k":0,"ix":5},"nm":"Transformar"}],"nm":"Group 12","np":2,"cix":2,"bm":0,"ix":12,"mn":"ADBE Vector Group","hd":false},{"ty":"gr","it":[{"ind":0,"ty":"sh","ix":1,"ks":{"a":0,"k":{"i":[[0,0],[0.916,2.786],[-0.792,1.001],[0.268,2.188],[4.768,-1.604],[0,0],[-0.201,-0.136],[0,0],[0,0],[5.442,-6.868],[-0.028,-0.074],[-2.443,-0.663]],"o":[[-1.169,-0.317],[-0.202,-0.613],[4.215,-5.322],[-1.159,-0.613],[0,0],[6.868,-2.313],[0,0],[0,0],[0.079,0.471],[-0.205,0.259],[0.38,1.158],[0,0]],"v":[[6.903,14.253],[-1.056,9.428],[-0.538,6.874],[2.658,-9.334],[-6.777,-9.804],[-7.494,-11.94],[4.333,-10.963],[4.732,-10.692],[4.811,-10.215],[1.228,8.274],[1.088,8.722],[7.494,12.078]],"c":true},"ix":2},"nm":"Path 1","mn":"ADBE Vector Shape - Group","hd":false},{"ty":"fl","c":{"a":0,"k":[0.19199999641,0.128999986836,0.075,1],"ix":4,"x":"var $bm_rt;\ntry {\n    $bm_rt = thisComp.layer('Controller')('Effects')('Color')('ADBE Color Control-0001');\n} catch (e) {\n    $bm_rt = value;\n}"},"o":{"a":0,"k":100,"ix":5},"r":1,"bm":0,"nm":"Fill 1","mn":"ADBE Vector Graphic - Fill","hd":false},{"ty":"tr","p":{"a":0,"k":[25.979,85.876],"ix":2},"a":{"a":0,"k":[0,0],"ix":1},"s":{"a":0,"k":[100,100],"ix":3},"r":{"a":0,"k":0,"ix":6},"o":{"a":0,"k":100,"ix":7},"sk":{"a":0,"k":0,"ix":4},"sa":{"a":0,"k":0,"ix":5},"nm":"Transformar"}],"nm":"Group 13","np":2,"cix":2,"bm":0,"ix":13,"mn":"ADBE Vector Group","hd":false},{"ty":"gr","it":[{"ind":0,"ty":"sh","ix":1,"ks":{"a":0,"k":{"i":[[-21.357,0.149],[-4.897,11.08],[1.591,5.065],[12.325,4.353],[4.772,-1.028],[0.096,-16.083]],"o":[[12.112,-0.085],[1.747,-3.948],[-5.016,-15.876],[-5.197,-1.823],[-9.105,1.961],[-0.113,18.044]],"v":[[-7.962,41.734],[31.144,14.068],[30.611,-5.432],[9.246,-40.06],[-19.609,-34.534],[-32.778,-7.271]],"c":true},"ix":2},"nm":"Path 1","mn":"ADBE Vector Shape - Group","hd":false},{"ty":"fl","c":{"a":0,"k":[0.984313785329,0.63137254902,0.607843137255,1],"ix":4,"x":"var $bm_rt;\ntry {\n    $bm_rt = thisComp.layer('Controller')('Effects')('Color 4')('ADBE Color Control-0001');\n} catch (e) {\n    $bm_rt = value;\n}"},"o":{"a":0,"k":100,"ix":5},"r":1,"bm":0,"nm":"Fill 1","mn":"ADBE Vector Graphic - Fill","hd":false},{"ty":"tr","p":{"a":0,"k":[48.957,86.776],"ix":2},"a":{"a":0,"k":[0,0],"ix":1},"s":{"a":0,"k":[100,100],"ix":3},"r":{"a":0,"k":0,"ix":6},"o":{"a":0,"k":100,"ix":7},"sk":{"a":0,"k":0,"ix":4},"sa":{"a":0,"k":0,"ix":5},"nm":"Transformar"}],"nm":"Group 14","np":2,"cix":2,"bm":0,"ix":14,"mn":"ADBE Vector Group","hd":false},{"ty":"gr","it":[{"ind":0,"ty":"sh","ix":1,"ks":{"a":0,"k":{"i":[[21.447,-36.993],[-1.132,19.897],[-27.275,19.793]],"o":[[-5.382,9.282],[1.385,-24.351],[40.745,-29.57]],"v":[[31.054,36.771],[17.089,32.493],[-25.226,-22.82]],"c":true},"ix":2},"nm":"Path 1","mn":"ADBE Vector Shape - Group","hd":false},{"ty":"fl","c":{"a":0,"k":[0.19199999641,0.128999986836,0.075,1],"ix":4,"x":"var $bm_rt;\ntry {\n    $bm_rt = thisComp.layer('Controller')('Effects')('Color')('ADBE Color Control-0001');\n} catch (e) {\n    $bm_rt = value;\n}"},"o":{"a":0,"k":100,"ix":5},"r":1,"bm":0,"nm":"Fill 1","mn":"ADBE Vector Graphic - Fill","hd":false},{"ty":"tr","p":{"a":0,"k":[61.07,61.374],"ix":2},"a":{"a":0,"k":[0,0],"ix":1},"s":{"a":0,"k":[100,100],"ix":3},"r":{"a":0,"k":0,"ix":6},"o":{"a":0,"k":100,"ix":7},"sk":{"a":0,"k":0,"ix":4},"sa":{"a":0,"k":0,"ix":5},"nm":"Transformar"}],"nm":"Group 15","np":2,"cix":2,"bm":0,"ix":15,"mn":"ADBE Vector Group","hd":false}],"ip":0,"op":150,"st":0,"bm":0},{"ddd":0,"ind":6,"ty":4,"nm":"arm1","parent":8,"sr":1,"ks":{"o":{"a":0,"k":100,"ix":11},"r":{"a":1,"k":[{"i":{"x":[0.5],"y":[1]},"o":{"x":[0.176],"y":[0]},"t":8,"s":[-38.503]},{"i":{"x":[0.5],"y":[1]},"o":{"x":[0.5],"y":[0]},"t":24,"s":[0]},{"i":{"x":[0.729],"y":[0.477]},"o":{"x":[0.521],"y":[0]},"t":51,"s":[-36.207]},{"i":{"x":[0.617],"y":[1]},"o":{"x":[0.297],"y":[0]},"t":104,"s":[-36.207]},{"i":{"x":[0.594],"y":[1]},"o":{"x":[0.272],"y":[0]},"t":117,"s":[-26.355]},{"i":{"x":[0.833],"y":[1]},"o":{"x":[0.48],"y":[0]},"t":129,"s":[-36.207]},{"t":145,"s":[-38.503]}],"ix":10},"p":{"a":0,"k":[54.427,62.009,0],"ix":2,"l":2},"a":{"a":0,"k":[730.316,329.831,0],"ix":1,"l":2},"s":{"a":0,"k":[100,100,100],"ix":6,"l":2}},"ao":0,"shapes":[{"ty":"gr","it":[{"ty":"gr","it":[{"ind":0,"ty":"sh","ix":1,"ks":{"a":0,"k":{"i":[[0,0],[3.614,13.164],[6.582,23.09],[0,0],[-1.04,0.038],[0,0],[0,0],[-0.184,-0.013]],"o":[[-0.804,-0.054],[-4.898,-0.107],[0,0],[6.864,24.072],[0,0],[0,0],[2.651,12.345],[0,0]],"v":[[28.514,20.088],[5.577,5.485],[-28.663,-19.47],[-26.496,-20.088],[6.416,3.233],[7.366,3.196],[7.566,4.123],[28.663,17.838]],"c":true},"ix":2},"nm":"Path 1","mn":"ADBE Vector Shape - Group","hd":false},{"ty":"fl","c":{"a":0,"k":[0.192000001669,0.128999993205,0.07500000298,1],"ix":4,"x":"var $bm_rt;\ntry {\n    $bm_rt = thisComp.layer('Controller')('Effects')('Color')('ADBE Color Control-0001');\n} catch (e) {\n    $bm_rt = value;\n}"},"o":{"a":0,"k":100,"ix":5},"r":1,"bm":0,"nm":"Fill 1","mn":"ADBE Vector Graphic - Fill","hd":false},{"ty":"tr","p":{"a":0,"k":[49.677,119.544],"ix":2},"a":{"a":0,"k":[0,0],"ix":1},"s":{"a":0,"k":[100,100],"ix":3},"r":{"a":0,"k":0,"ix":6},"o":{"a":0,"k":100,"ix":7},"sk":{"a":0,"k":0,"ix":4},"sa":{"a":0,"k":0,"ix":5},"nm":"Transformar"}],"nm":"Group 1","np":2,"cix":2,"bm":0,"ix":1,"mn":"ADBE Vector Group","hd":false},{"ty":"gr","it":[{"ind":0,"ty":"sh","ix":1,"ks":{"a":0,"k":{"i":[[0,0],[0,0],[12.477,9.232],[0,0],[-2.936,-1.522],[-0.282,0.311],[0,0],[0,0],[-5.445,2.031],[-2.832,30.747],[0,0],[20.278,-7.561],[3.772,3.023],[1.595,-4.051]],"o":[[0,0],[-0.106,-0.051],[0,0],[10.05,7.437],[2.563,-5.307],[0,0],[0,0],[3.239,3.109],[19.28,-7.191],[0,0],[-2.953,32.049],[-5.774,2.15],[-1.876,2.167],[0,0]],"v":[[-25.666,45.844],[-26.764,45.311],[-49.913,30.852],[-48.569,29.04],[-26.821,42.753],[-17.754,30.225],[-16.975,29.364],[-16.137,30.168],[-3.048,31.791],[47.666,-45.844],[49.913,-45.637],[-2.259,33.904],[-16.814,32.571],[-25.223,44.71]],"c":true},"ix":2},"nm":"Path 1","mn":"ADBE Vector Shape - Group","hd":false},{"ty":"fl","c":{"a":0,"k":[0.192000001669,0.128999993205,0.07500000298,1],"ix":4,"x":"var $bm_rt;\ntry {\n    $bm_rt = thisComp.layer('Controller')('Effects')('Color')('ADBE Color Control-0001');\n} catch (e) {\n    $bm_rt = value;\n}"},"o":{"a":0,"k":100,"ix":5},"r":1,"bm":0,"nm":"Fill 1","mn":"ADBE Vector Graphic - Fill","hd":false},{"ty":"tr","p":{"a":0,"k":[89.822,115.668],"ix":2},"a":{"a":0,"k":[0,0],"ix":1},"s":{"a":0,"k":[100,100],"ix":3},"r":{"a":0,"k":0,"ix":6},"o":{"a":0,"k":100,"ix":7},"sk":{"a":0,"k":0,"ix":4},"sa":{"a":0,"k":0,"ix":5},"nm":"Transformar"}],"nm":"Group 2","np":2,"cix":2,"bm":0,"ix":2,"mn":"ADBE Vector Group","hd":false},{"ty":"gr","it":[{"ind":0,"ty":"sh","ix":1,"ks":{"a":0,"k":{"i":[[3.939,-42.744],[17.536,16.839],[2.073,-5.267],[17.791,31.629],[-0.022,3.69],[-14.977,19.274],[-20.145,18.939]],"o":[[-3.59,38.969],[0,0],[0,0],[0,0],[0,0],[14.978,-19.274],[29.409,-27.647]],"v":[[67.212,-11.941],[1.504,64.78],[-7.848,78.097],[-64.637,27.504],[-58.092,17.539],[-56.173,-16.592],[7.236,-53.971]],"c":true},"ix":2},"nm":"Path 1","mn":"ADBE Vector Shape - Group","hd":false},{"ty":"fl","c":{"a":0,"k":[1,1,1,1],"ix":4,"x":"var $bm_rt;\ntry {\n    $bm_rt = thisComp.layer('Controller').effect('Color 5')('ADBE Color Control-0001');\n} catch (e) {\n    $bm_rt = value;\n}"},"o":{"a":0,"k":100,"ix":5},"r":1,"bm":0,"nm":"Fill 1","mn":"ADBE Vector Graphic - Fill","hd":false},{"ty":"tr","p":{"a":0,"k":[71.401,81.868],"ix":2},"a":{"a":0,"k":[0,0],"ix":1},"s":{"a":0,"k":[100,100],"ix":3},"r":{"a":0,"k":0,"ix":6},"o":{"a":0,"k":100,"ix":7},"sk":{"a":0,"k":0,"ix":4},"sa":{"a":0,"k":0,"ix":5},"nm":"Transformar"}],"nm":"Group 3","np":2,"cix":2,"bm":0,"ix":3,"mn":"ADBE Vector Group","hd":false},{"ty":"tr","p":{"a":0,"k":[727.9,329.134],"ix":2},"a":{"a":0,"k":[109.4,31.868],"ix":1},"s":{"a":0,"k":[100,100],"ix":3},"r":{"a":0,"k":0,"ix":6},"o":{"a":0,"k":100,"ix":7},"sk":{"a":0,"k":0,"ix":4},"sa":{"a":0,"k":0,"ix":5},"nm":"Transformar"}],"nm":"arm1","np":3,"cix":2,"bm":0,"ix":1,"mn":"ADBE Vector Group","hd":false},{"ty":"gr","it":[{"ty":"gr","it":[{"ind":0,"ty":"sh","ix":1,"ks":{"a":0,"k":{"i":[[-8.268,-2.43],[-19.357,22.301],[11.562,-5.47],[3.162,-14.132]],"o":[[15.305,4.5],[19.359,-22.299],[0,0],[-3.164,14.133]],"v":[[-16.209,33.616],[27.08,11.995],[-1.174,-40.647],[-34.275,1.635]],"c":true},"ix":2},"nm":"Path 1","mn":"ADBE Vector Shape - Group","hd":false},{"ty":"fl","c":{"a":0,"k":[0.984313785329,0.63137254902,0.607843137255,1],"ix":4,"x":"var $bm_rt;\ntry {\n    $bm_rt = thisComp.layer('Controller')('Effects')('Color 4')('ADBE Color Control-0001');\n} catch (e) {\n    $bm_rt = value;\n}"},"o":{"a":0,"k":100,"ix":5},"r":1,"bm":0,"nm":"Fill 1","mn":"ADBE Vector Graphic - Fill","hd":false},{"ty":"tr","p":{"a":0,"k":[41.306,48.475],"ix":2},"a":{"a":0,"k":[0,0],"ix":1},"s":{"a":0,"k":[100,100],"ix":3},"r":{"a":0,"k":0,"ix":6},"o":{"a":0,"k":100,"ix":7},"sk":{"a":0,"k":0,"ix":4},"sa":{"a":0,"k":0,"ix":5},"nm":"Transformar"}],"nm":"Group 1","np":2,"cix":2,"bm":0,"ix":1,"mn":"ADBE Vector Group","hd":false},{"ty":"tr","p":{"a":0,"k":[669.66,409.959],"ix":2},"a":{"a":0,"k":[60.189,28.867],"ix":1},"s":{"a":0,"k":[100,100],"ix":3},"r":{"a":0,"k":0,"ix":6},"o":{"a":0,"k":100,"ix":7},"sk":{"a":0,"k":0,"ix":4},"sa":{"a":0,"k":0,"ix":5},"nm":"Transformar"}],"nm":"hand1","np":1,"cix":2,"bm":0,"ix":2,"mn":"ADBE Vector Group","hd":false}],"ip":0,"op":150,"st":0,"bm":0},{"ddd":0,"ind":7,"ty":4,"nm":"hand1","parent":6,"sr":1,"ks":{"o":{"a":0,"k":100,"ix":11},"r":{"a":1,"k":[{"i":{"x":[0.5],"y":[1]},"o":{"x":[0.333],"y":[0]},"t":8,"s":[44.318]},{"i":{"x":[0.5],"y":[1]},"o":{"x":[0.5],"y":[0]},"t":24,"s":[0.617]},{"i":{"x":[0.729],"y":[1]},"o":{"x":[0.521],"y":[0]},"t":51,"s":[47.611]},{"i":{"x":[0.617],"y":[1]},"o":{"x":[0.297],"y":[0]},"t":104,"s":[47.611]},{"i":{"x":[0.594],"y":[1]},"o":{"x":[0.272],"y":[0]},"t":117,"s":[38.258]},{"i":{"x":[0.833],"y":[1]},"o":{"x":[0.5],"y":[0]},"t":129,"s":[47.611]},{"t":145,"s":[44.318]}],"ix":10},"p":{"a":0,"k":[641.207,443.736,0],"ix":2,"l":2},"a":{"a":0,"k":[31.4,189.871,0],"ix":1,"l":2},"s":{"a":0,"k":[-81.905,81.905,100],"ix":6,"l":2}},"ao":0,"shapes":[{"ty":"gr","it":[{"ind":0,"ty":"sh","ix":1,"ks":{"a":0,"k":{"i":[[26.539,-22.811],[-3.983,-7.475],[-21.749,7.695],[0,0],[0,0]],"o":[[-15.031,12.919],[9.681,18.162],[3.02,-1.069],[0,0],[-24.417,-2.789]],"v":[[-68.977,-9.894],[-77.327,26.585],[-22.935,33.404],[75.183,-12.608],[84.008,-41.958]],"c":true},"ix":2},"nm":"Path 1","mn":"ADBE Vector Shape - Group","hd":false},{"ty":"fl","c":{"a":0,"k":[0.984000052658,0.630999995213,0.607999973671,1],"ix":4,"x":"var $bm_rt;\ntry {\n    $bm_rt = thisComp.layer('Controller')('Effects')('Color 4')('ADBE Color Control-0001');\n} catch (e) {\n    $bm_rt = value;\n}"},"o":{"a":0,"k":100,"ix":5},"r":1,"bm":0,"nm":"Fill 1","mn":"ADBE Vector Graphic - Fill","hd":false},{"ty":"tr","p":{"a":0,"k":[84.258,175.771],"ix":2},"a":{"a":0,"k":[0,0],"ix":1},"s":{"a":0,"k":[100,100],"ix":3},"r":{"a":0,"k":0,"ix":6},"o":{"a":0,"k":100,"ix":7},"sk":{"a":0,"k":0,"ix":4},"sa":{"a":0,"k":0,"ix":5},"nm":"Transformar"}],"nm":"Group 1","np":2,"cix":2,"bm":0,"ix":1,"mn":"ADBE Vector Group","hd":false},{"ty":"gr","it":[{"ind":0,"ty":"sh","ix":1,"ks":{"a":0,"k":{"i":[[-3.124,9.432],[0,0]],"o":[[0,0],[0,0]],"v":[[6.837,-14.182],[-6.837,14.182]],"c":true},"ix":2},"nm":"Path 1","mn":"ADBE Vector Shape - Group","hd":false},{"ty":"fl","c":{"a":0,"k":[0.2,0.105999995213,0.039000002543,1],"ix":4,"x":"var $bm_rt;\ntry {\n    $bm_rt = thisComp.layer('Controller').effect('Color 6')('ADBE Color Control-0001');\n} catch (e) {\n    $bm_rt = value;\n}"},"o":{"a":0,"k":100,"ix":5},"r":1,"bm":0,"nm":"Fill 1","mn":"ADBE Vector Graphic - Fill","hd":false},{"ty":"tr","p":{"a":0,"k":[225.704,153.33],"ix":2},"a":{"a":0,"k":[0,0],"ix":1},"s":{"a":0,"k":[100,100],"ix":3},"r":{"a":0,"k":0,"ix":6},"o":{"a":0,"k":100,"ix":7},"sk":{"a":0,"k":0,"ix":4},"sa":{"a":0,"k":0,"ix":5},"nm":"Transformar"}],"nm":"Group 2","np":2,"cix":2,"bm":0,"ix":2,"mn":"ADBE Vector Group","hd":false},{"ty":"gr","it":[{"ind":0,"ty":"sh","ix":1,"ks":{"a":0,"k":{"i":[[-4.022,9.086],[0,0]],"o":[[0,0],[0,0]],"v":[[6.692,-11.515],[-6.692,11.515]],"c":true},"ix":2},"nm":"Path 1","mn":"ADBE Vector Shape - Group","hd":false},{"ty":"fl","c":{"a":0,"k":[0.2,0.105999995213,0.039000002543,1],"ix":4,"x":"var $bm_rt;\ntry {\n    $bm_rt = thisComp.layer('Controller')('Effects')('Color 6')('ADBE Color Control-0001');\n} catch (e) {\n    $bm_rt = value;\n}"},"o":{"a":0,"k":100,"ix":5},"r":1,"bm":0,"nm":"Fill 1","mn":"ADBE Vector Graphic - Fill","hd":false},{"ty":"tr","p":{"a":0,"k":[218.67,146.896],"ix":2},"a":{"a":0,"k":[0,0],"ix":1},"s":{"a":0,"k":[100,100],"ix":3},"r":{"a":0,"k":0,"ix":6},"o":{"a":0,"k":100,"ix":7},"sk":{"a":0,"k":0,"ix":4},"sa":{"a":0,"k":0,"ix":5},"nm":"Transformar"}],"nm":"Group 3","np":2,"cix":2,"bm":0,"ix":3,"mn":"ADBE Vector Group","hd":false},{"ty":"gr","it":[{"ind":0,"ty":"sh","ix":1,"ks":{"a":0,"k":{"i":[[2.615,-1.161],[0,0],[2.298,2.636],[6.959,3.509],[3.461,-4.374],[1.03,0.058],[3.061,1.015],[-5.87,-6.421],[0,0],[-13.066,16.405]],"o":[[-10.198,4.523],[0,0],[-1.314,-1.506],[-4.98,-2.511],[-4.391,5.542],[-2.057,-0.114],[0,0],[6.752,7.385],[0,0],[1.783,-2.239]],"v":[[31.685,-13.161],[4.431,14.087],[14.681,-12.78],[-1.997,-22.213],[-10.889,-18.687],[-20.622,-9.591],[-38.262,-19.317],[-32.474,14.945],[5.491,24.724],[36.561,-8.699]],"c":true},"ix":2},"nm":"Path 1","mn":"ADBE Vector Shape - Group","hd":false},{"ty":"fl","c":{"a":0,"k":[0.984000052658,0.630999995213,0.607999973671,1],"ix":4,"x":"var $bm_rt;\ntry {\n    $bm_rt = thisComp.layer('Controller')('Effects')('Color 4')('ADBE Color Control-0001');\n} catch (e) {\n    $bm_rt = value;\n}"},"o":{"a":0,"k":100,"ix":5},"r":1,"bm":0,"nm":"Fill 1","mn":"ADBE Vector Graphic - Fill","hd":false},{"ty":"tr","p":{"a":0,"k":[224.786,156.381],"ix":2},"a":{"a":0,"k":[0,0],"ix":1},"s":{"a":0,"k":[100,100],"ix":3},"r":{"a":0,"k":0,"ix":6},"o":{"a":0,"k":100,"ix":7},"sk":{"a":0,"k":0,"ix":4},"sa":{"a":0,"k":0,"ix":5},"nm":"Transformar"}],"nm":"Group 4","np":2,"cix":2,"bm":0,"ix":4,"mn":"ADBE Vector Group","hd":false},{"ty":"gr","it":[{"ind":0,"ty":"sh","ix":1,"ks":{"a":0,"k":{"i":[[5.288,15.856],[0,0],[0,0],[-25.497,-13.991],[0,0]],"o":[[-4.919,-14.746],[0,0],[0,0],[25.497,13.991],[0,0]],"v":[[4.059,-14.854],[-26.566,-28.648],[-38.522,3.513],[-0.334,15.609],[38.522,17.99]],"c":true},"ix":2},"nm":"Path 1","mn":"ADBE Vector Shape - Group","hd":false},{"ty":"fl","c":{"a":0,"k":[0.984000052658,0.630999995213,0.607999973671,1],"ix":4,"x":"var $bm_rt;\ntry {\n    $bm_rt = thisComp.layer('Controller')('Effects')('Color 4')('ADBE Color Control-0001');\n} catch (e) {\n    $bm_rt = value;\n}"},"o":{"a":0,"k":100,"ix":5},"r":1,"bm":0,"nm":"Fill 1","mn":"ADBE Vector Graphic - Fill","hd":false},{"ty":"tr","p":{"a":0,"k":[192.828,162.191],"ix":2},"a":{"a":0,"k":[0,0],"ix":1},"s":{"a":0,"k":[100,100],"ix":3},"r":{"a":0,"k":0,"ix":6},"o":{"a":0,"k":100,"ix":7},"sk":{"a":0,"k":0,"ix":4},"sa":{"a":0,"k":0,"ix":5},"nm":"Transformar"}],"nm":"Group 5","np":2,"cix":2,"bm":0,"ix":5,"mn":"ADBE Vector Group","hd":false},{"ty":"gr","it":[{"ind":0,"ty":"sh","ix":1,"ks":{"a":0,"k":{"i":[[0,0],[0,0],[0,0],[0,0],[0,0],[0,0]],"o":[[0,0],[0,0],[0,0],[0,0],[0,0],[0,0]],"v":[[53.082,50.326],[-81.694,50.326],[-81.694,52.68],[54.91,52.68],[81.694,-52.096],[79.415,-52.68]],"c":true},"ix":2},"nm":"Path 1","mn":"ADBE Vector Shape - Group","hd":false},{"ty":"fl","c":{"a":0,"k":[0.2,0.105999995213,0.039000002543,1],"ix":4,"x":"var $bm_rt;\ntry {\n    $bm_rt = thisComp.layer('Controller')('Effects')('Color 6')('ADBE Color Control-0001');\n} catch (e) {\n    $bm_rt = value;\n}"},"o":{"a":0,"k":100,"ix":5},"r":1,"bm":0,"nm":"Fill 1","mn":"ADBE Vector Graphic - Fill","hd":false},{"ty":"tr","p":{"a":0,"k":[162.378,89.047],"ix":2},"a":{"a":0,"k":[0,0],"ix":1},"s":{"a":0,"k":[100,100],"ix":3},"r":{"a":0,"k":0,"ix":6},"o":{"a":0,"k":100,"ix":7},"sk":{"a":0,"k":0,"ix":4},"sa":{"a":0,"k":0,"ix":5},"nm":"Transformar"}],"nm":"Group 6","np":2,"cix":2,"bm":0,"ix":6,"mn":"ADBE Vector Group","hd":false},{"ty":"gr","it":[{"ind":0,"ty":"sh","ix":1,"ks":{"a":0,"k":{"i":[[0,0],[0,0],[0,0],[0,0]],"o":[[0,0],[0,0],[0,0],[0,0]],"v":[[-79.159,1.177],[79.159,1.177],[79.159,-1.177],[-79.159,-1.177]],"c":true},"ix":2},"nm":"Path 1","mn":"ADBE Vector Shape - Group","hd":false},{"ty":"fl","c":{"a":0,"k":[0.2,0.105999995213,0.039000002543,1],"ix":4,"x":"var $bm_rt;\ntry {\n    $bm_rt = thisComp.layer('Controller')('Effects')('Color 6')('ADBE Color Control-0001');\n} catch (e) {\n    $bm_rt = value;\n}"},"o":{"a":0,"k":100,"ix":5},"r":1,"bm":0,"nm":"Fill 1","mn":"ADBE Vector Graphic - Fill","hd":false},{"ty":"tr","p":{"a":0,"k":[330.657,140.549],"ix":2},"a":{"a":0,"k":[0,0],"ix":1},"s":{"a":0,"k":[100,100],"ix":3},"r":{"a":0,"k":0,"ix":6},"o":{"a":0,"k":100,"ix":7},"sk":{"a":0,"k":0,"ix":4},"sa":{"a":0,"k":0,"ix":5},"nm":"Transformar"}],"nm":"Group 7","np":2,"cix":2,"bm":0,"ix":7,"mn":"ADBE Vector Group","hd":false},{"ty":"gr","it":[{"ind":0,"ty":"sh","ix":1,"ks":{"a":0,"k":{"i":[[0,0],[-1.108,0],[0,0],[0,0.554],[0,0],[0,0]],"o":[[0,1.109],[0,0],[0.554,0],[0,0],[0,0],[0,0]],"v":[[-96.721,1.415],[-94.714,3.424],[95.717,3.424],[96.721,2.419],[96.721,-3.424],[-96.721,-3.424]],"c":true},"ix":2},"nm":"Path 1","mn":"ADBE Vector Shape - Group","hd":false},{"ty":"fl","c":{"a":0,"k":[0.753708064556,0.071984998882,0.160291105509,1],"ix":4},"o":{"a":0,"k":100,"ix":5},"r":1,"bm":0,"nm":"Fill 1","mn":"ADBE Vector Graphic - Fill","hd":false},{"ty":"tr","p":{"a":0,"k":[314.311,143.973],"ix":2},"a":{"a":0,"k":[0,0],"ix":1},"s":{"a":0,"k":[100,100],"ix":3},"r":{"a":0,"k":0,"ix":6},"o":{"a":0,"k":100,"ix":7},"sk":{"a":0,"k":0,"ix":4},"sa":{"a":0,"k":0,"ix":5},"nm":"Transformar"}],"nm":"Group 8","np":2,"cix":2,"bm":0,"ix":8,"mn":"ADBE Vector Group","hd":false},{"ty":"gr","it":[{"ind":0,"ty":"sh","ix":1,"ks":{"a":0,"k":{"i":[[1.598,0],[0,0],[0,0],[0,0],[-0.531,-0.682],[0.211,-0.84],[0,0],[0,0],[0,0],[0.979,1.26]],"o":[[0,0],[0,0],[0,0],[0.864,0],[0.532,0.681],[0,0],[0,0],[0,0],[0.393,-1.546],[-0.982,-1.259]],"v":[[73.324,-51.279],[-78.694,-51.279],[-78.694,-48.924],[73.324,-48.924],[75.52,-47.85],[76.022,-45.458],[51.677,50.701],[53.958,51.279],[78.301,-44.881],[77.377,-49.296]],"c":true},"ix":2},"nm":"Path 1","mn":"ADBE Vector Shape - Group","hd":false},{"ty":"fl","c":{"a":0,"k":[0.2,0.105999995213,0.039000002543,1],"ix":4,"x":"var $bm_rt;\ntry {\n    $bm_rt = thisComp.layer('Controller')('Effects')('Color 6')('ADBE Color Control-0001');\n} catch (e) {\n    $bm_rt = value;\n}"},"o":{"a":0,"k":100,"ix":5},"r":1,"bm":0,"nm":"Fill 1","mn":"ADBE Vector Graphic - Fill","hd":false},{"ty":"tr","p":{"a":0,"k":[367.338,51.528],"ix":2},"a":{"a":0,"k":[0,0],"ix":1},"s":{"a":0,"k":[100,100],"ix":3},"r":{"a":0,"k":0,"ix":6},"o":{"a":0,"k":100,"ix":7},"sk":{"a":0,"k":0,"ix":4},"sa":{"a":0,"k":0,"ix":5},"nm":"Transformar"}],"nm":"Group 9","np":2,"cix":2,"bm":0,"ix":9,"mn":"ADBE Vector Group","hd":false},{"ty":"gr","it":[{"ind":0,"ty":"sh","ix":1,"ks":{"a":0,"k":{"i":[[2.581,0],[0,0],[0.63,-2.486],[0,0],[0,0],[0,0]],"o":[[0,0],[-2.562,0],[0,0],[0,0],[0,0],[0.634,-2.503]],"v":[[109.908,-69.561],[-74.647,-69.561],[-80.078,-65.333],[-114.38,69.561],[79.775,69.561],[113.746,-64.629]],"c":true},"ix":2},"nm":"Path 1","mn":"ADBE Vector Shape - Group","hd":false},{"ty":"fl","c":{"a":0,"k":[0.752941191196,0.070588238537,0.160784319043,1],"ix":4},"o":{"a":0,"k":100,"ix":5},"r":1,"bm":0,"nm":"Fill 1","mn":"ADBE Vector Graphic - Fill","hd":false},{"ty":"tr","p":{"a":0,"k":[330.908,70.95],"ix":2},"a":{"a":0,"k":[0,0],"ix":1},"s":{"a":0,"k":[100,100],"ix":3},"r":{"a":0,"k":0,"ix":6},"o":{"a":0,"k":100,"ix":7},"sk":{"a":0,"k":0,"ix":4},"sa":{"a":0,"k":0,"ix":5},"nm":"Transformar"}],"nm":"Group 10","np":2,"cix":2,"bm":0,"ix":10,"mn":"ADBE Vector Group","hd":false},{"ty":"gr","it":[{"ind":0,"ty":"sh","ix":1,"ks":{"a":0,"k":{"i":[[1.427,-5.48],[1.487,-6.175],[0,0],[0,0]],"o":[[-7.697,29.56],[-1.781,7.396],[0,0],[-5.634,-0.078]],"v":[[11.065,-62.853],[-21.562,62.927],[-16.601,72.592],[23.344,-72.514]],"c":true},"ix":2},"nm":"Path 1","mn":"ADBE Vector Shape - Group","hd":false},{"ty":"fl","c":{"a":0,"k":[0.2,0.105999995213,0.039000002543,1],"ix":4,"x":"var $bm_rt;\ntry {\n    $bm_rt = thisComp.layer('Controller')('Effects')('Color 6')('ADBE Color Control-0001');\n} catch (e) {\n    $bm_rt = value;\n}"},"o":{"a":0,"k":100,"ix":5},"r":1,"bm":0,"nm":"Fill 1","mn":"ADBE Vector Graphic - Fill","hd":false},{"ty":"tr","p":{"a":0,"k":[231.568,73.983],"ix":2},"a":{"a":0,"k":[0,0],"ix":1},"s":{"a":0,"k":[100,100],"ix":3},"r":{"a":0,"k":0,"ix":6},"o":{"a":0,"k":100,"ix":7},"sk":{"a":0,"k":0,"ix":4},"sa":{"a":0,"k":0,"ix":5},"nm":"Transformar"}],"nm":"Group 11","np":2,"cix":2,"bm":0,"ix":11,"mn":"ADBE Vector Group","hd":false},{"ty":"gr","it":[{"ind":0,"ty":"sh","ix":1,"ks":{"a":0,"k":{"i":[[0.372,0],[0,0],[0,0],[0,0],[0,0]],"o":[[0,0],[0,0],[0,0],[0,0],[0,-0.372]],"v":[[36.253,-1.357],[-36.926,-1.357],[-36.926,1.357],[36.926,1.357],[36.926,-0.683]],"c":true},"ix":2},"nm":"Path 1","mn":"ADBE Vector Shape - Group","hd":false},{"ty":"fl","c":{"a":0,"k":[0.2,0.105999995213,0.039000002543,1],"ix":4,"x":"var $bm_rt;\ntry {\n    $bm_rt = thisComp.layer('Controller')('Effects')('Color 6')('ADBE Color Control-0001');\n} catch (e) {\n    $bm_rt = value;\n}"},"o":{"a":0,"k":100,"ix":5},"r":1,"bm":0,"nm":"Fill 1","mn":"ADBE Vector Graphic - Fill","hd":false},{"ty":"tr","p":{"a":0,"k":[194.22,139.192],"ix":2},"a":{"a":0,"k":[0,0],"ix":1},"s":{"a":0,"k":[100,100],"ix":3},"r":{"a":0,"k":0,"ix":6},"o":{"a":0,"k":100,"ix":7},"sk":{"a":0,"k":0,"ix":4},"sa":{"a":0,"k":0,"ix":5},"nm":"Transformar"}],"nm":"Group 12","np":2,"cix":2,"bm":0,"ix":12,"mn":"ADBE Vector Group","hd":false},{"ty":"gr","it":[{"ind":0,"ty":"sh","ix":1,"ks":{"a":0,"k":{"i":[[0.372,0],[0,0],[0,0],[0,0],[0,0]],"o":[[0,0],[0,0],[0,0],[0,0],[0,-0.372]],"v":[[9.959,-1.357],[-10.634,-1.357],[-10.634,1.357],[10.634,1.357],[10.634,-0.683]],"c":true},"ix":2},"nm":"Path 1","mn":"ADBE Vector Shape - Group","hd":false},{"ty":"fl","c":{"a":0,"k":[0.2,0.105999995213,0.039000002543,1],"ix":4,"x":"var $bm_rt;\ntry {\n    $bm_rt = thisComp.layer('Controller')('Effects')('Color 6')('ADBE Color Control-0001');\n} catch (e) {\n    $bm_rt = value;\n}"},"o":{"a":0,"k":100,"ix":5},"r":1,"bm":0,"nm":"Fill 1","mn":"ADBE Vector Graphic - Fill","hd":false},{"ty":"tr","p":{"a":0,"k":[258.835,139.192],"ix":2},"a":{"a":0,"k":[0,0],"ix":1},"s":{"a":0,"k":[100,100],"ix":3},"r":{"a":0,"k":0,"ix":6},"o":{"a":0,"k":100,"ix":7},"sk":{"a":0,"k":0,"ix":4},"sa":{"a":0,"k":0,"ix":5},"nm":"Transformar"}],"nm":"Group 13","np":2,"cix":2,"bm":0,"ix":13,"mn":"ADBE Vector Group","hd":false},{"ty":"gr","it":[{"ind":0,"ty":"sh","ix":1,"ks":{"a":0,"k":{"i":[[0.375,0],[0,0],[0,0],[0,0],[0,0]],"o":[[0,0],[0,0],[0,0],[0,0],[0,-0.372]],"v":[[9.959,-1.357],[-10.634,-1.357],[-10.634,1.357],[10.634,1.357],[10.634,-0.683]],"c":true},"ix":2},"nm":"Path 1","mn":"ADBE Vector Shape - Group","hd":false},{"ty":"fl","c":{"a":0,"k":[0.2,0.105999995213,0.039000002543,1],"ix":4,"x":"var $bm_rt;\ntry {\n    $bm_rt = thisComp.layer('Controller')('Effects')('Color 6')('ADBE Color Control-0001');\n} catch (e) {\n    $bm_rt = value;\n}"},"o":{"a":0,"k":100,"ix":5},"r":1,"bm":0,"nm":"Fill 1","mn":"ADBE Vector Graphic - Fill","hd":false},{"ty":"tr","p":{"a":0,"k":[129.55,139.192],"ix":2},"a":{"a":0,"k":[0,0],"ix":1},"s":{"a":0,"k":[100,100],"ix":3},"r":{"a":0,"k":0,"ix":6},"o":{"a":0,"k":100,"ix":7},"sk":{"a":0,"k":0,"ix":4},"sa":{"a":0,"k":0,"ix":5},"nm":"Transformar"}],"nm":"Group 14","np":2,"cix":2,"bm":0,"ix":14,"mn":"ADBE Vector Group","hd":false},{"ty":"gr","it":[{"ind":0,"ty":"sh","ix":1,"ks":{"a":0,"k":{"i":[[0.374,0],[0,0],[0,0],[0,0],[0,0]],"o":[[0,0],[0,0],[0,0],[0,0],[0,-0.372]],"v":[[2.417,-1.357],[-3.093,-1.357],[-3.093,1.357],[3.093,1.357],[3.093,-0.683]],"c":true},"ix":2},"nm":"Path 1","mn":"ADBE Vector Shape - Group","hd":false},{"ty":"fl","c":{"a":0,"k":[0.2,0.105999995213,0.039000002543,1],"ix":4,"x":"var $bm_rt;\ntry {\n    $bm_rt = thisComp.layer('Controller')('Effects')('Color 6')('ADBE Color Control-0001');\n} catch (e) {\n    $bm_rt = value;\n}"},"o":{"a":0,"k":100,"ix":5},"r":1,"bm":0,"nm":"Fill 1","mn":"ADBE Vector Graphic - Fill","hd":false},{"ty":"tr","p":{"a":0,"k":[243.077,139.192],"ix":2},"a":{"a":0,"k":[0,0],"ix":1},"s":{"a":0,"k":[100,100],"ix":3},"r":{"a":0,"k":0,"ix":6},"o":{"a":0,"k":100,"ix":7},"sk":{"a":0,"k":0,"ix":4},"sa":{"a":0,"k":0,"ix":5},"nm":"Transformar"}],"nm":"Group 15","np":2,"cix":2,"bm":0,"ix":15,"mn":"ADBE Vector Group","hd":false},{"ty":"gr","it":[{"ind":0,"ty":"sh","ix":1,"ks":{"a":0,"k":{"i":[[0.372,0],[0,0],[0,0],[0,0],[0,0]],"o":[[0,0],[0,0],[0,0],[0,0],[0,-0.372]],"v":[[2.418,-1.357],[-3.094,-1.357],[-3.094,1.357],[3.094,1.357],[3.094,-0.683]],"c":true},"ix":2},"nm":"Path 1","mn":"ADBE Vector Shape - Group","hd":false},{"ty":"fl","c":{"a":0,"k":[0.2,0.105999995213,0.039000002543,1],"ix":4,"x":"var $bm_rt;\ntry {\n    $bm_rt = thisComp.layer('Controller')('Effects')('Color 6')('ADBE Color Control-0001');\n} catch (e) {\n    $bm_rt = value;\n}"},"o":{"a":0,"k":100,"ix":5},"r":1,"bm":0,"nm":"Fill 1","mn":"ADBE Vector Graphic - Fill","hd":false},{"ty":"tr","p":{"a":0,"k":[235.901,139.192],"ix":2},"a":{"a":0,"k":[0,0],"ix":1},"s":{"a":0,"k":[100,100],"ix":3},"r":{"a":0,"k":0,"ix":6},"o":{"a":0,"k":100,"ix":7},"sk":{"a":0,"k":0,"ix":4},"sa":{"a":0,"k":0,"ix":5},"nm":"Transformar"}],"nm":"Group 16","np":2,"cix":2,"bm":0,"ix":16,"mn":"ADBE Vector Group","hd":false},{"ty":"gr","it":[{"ind":0,"ty":"sh","ix":1,"ks":{"a":0,"k":{"i":[[0.372,0],[0,0],[0,0],[0,0],[0,0]],"o":[[0,0],[0,0],[0,0],[0,0],[0,-0.372]],"v":[[2.418,-1.357],[-3.094,-1.357],[-3.094,1.357],[3.094,1.357],[3.094,-0.683]],"c":true},"ix":2},"nm":"Path 1","mn":"ADBE Vector Shape - Group","hd":false},{"ty":"fl","c":{"a":0,"k":[0.2,0.105999995213,0.039000002543,1],"ix":4,"x":"var $bm_rt;\ntry {\n    $bm_rt = thisComp.layer('Controller')('Effects')('Color 6')('ADBE Color Control-0001');\n} catch (e) {\n    $bm_rt = value;\n}"},"o":{"a":0,"k":100,"ix":5},"r":1,"bm":0,"nm":"Fill 1","mn":"ADBE Vector Graphic - Fill","hd":false},{"ty":"tr","p":{"a":0,"k":[151.659,139.192],"ix":2},"a":{"a":0,"k":[0,0],"ix":1},"s":{"a":0,"k":[100,100],"ix":3},"r":{"a":0,"k":0,"ix":6},"o":{"a":0,"k":100,"ix":7},"sk":{"a":0,"k":0,"ix":4},"sa":{"a":0,"k":0,"ix":5},"nm":"Transformar"}],"nm":"Group 17","np":2,"cix":2,"bm":0,"ix":17,"mn":"ADBE Vector Group","hd":false},{"ty":"gr","it":[{"ind":0,"ty":"sh","ix":1,"ks":{"a":0,"k":{"i":[[0.372,0],[0,0],[0,0],[0,0],[0,0]],"o":[[0,0],[0,0],[0,0],[0,0],[0,-0.372]],"v":[[2.421,-1.357],[-3.094,-1.357],[-3.094,1.357],[3.094,1.357],[3.094,-0.683]],"c":true},"ix":2},"nm":"Path 1","mn":"ADBE Vector Shape - Group","hd":false},{"ty":"fl","c":{"a":0,"k":[0.2,0.105999995213,0.039000002543,1],"ix":4,"x":"var $bm_rt;\ntry {\n    $bm_rt = thisComp.layer('Controller')('Effects')('Color 6')('ADBE Color Control-0001');\n} catch (e) {\n    $bm_rt = value;\n}"},"o":{"a":0,"k":100,"ix":5},"r":1,"bm":0,"nm":"Fill 1","mn":"ADBE Vector Graphic - Fill","hd":false},{"ty":"tr","p":{"a":0,"k":[144.482,139.192],"ix":2},"a":{"a":0,"k":[0,0],"ix":1},"s":{"a":0,"k":[100,100],"ix":3},"r":{"a":0,"k":0,"ix":6},"o":{"a":0,"k":100,"ix":7},"sk":{"a":0,"k":0,"ix":4},"sa":{"a":0,"k":0,"ix":5},"nm":"Transformar"}],"nm":"Group 18","np":2,"cix":2,"bm":0,"ix":18,"mn":"ADBE Vector Group","hd":false},{"ty":"gr","it":[{"ind":0,"ty":"sh","ix":1,"ks":{"a":0,"k":{"i":[[0.375,0],[0,0],[0,0],[0,0],[0,0]],"o":[[0,0],[0,0],[0,0],[0,0],[0,-0.372]],"v":[[2.418,-1.357],[-3.094,-1.357],[-3.094,1.357],[3.094,1.357],[3.094,-0.683]],"c":true},"ix":2},"nm":"Path 1","mn":"ADBE Vector Shape - Group","hd":false},{"ty":"fl","c":{"a":0,"k":[0.2,0.105999995213,0.039000002543,1],"ix":4,"x":"var $bm_rt;\ntry {\n    $bm_rt = thisComp.layer('Controller')('Effects')('Color 6')('ADBE Color Control-0001');\n} catch (e) {\n    $bm_rt = value;\n}"},"o":{"a":0,"k":100,"ix":5},"r":1,"bm":0,"nm":"Fill 1","mn":"ADBE Vector Graphic - Fill","hd":false},{"ty":"tr","p":{"a":0,"k":[114.579,139.192],"ix":2},"a":{"a":0,"k":[0,0],"ix":1},"s":{"a":0,"k":[100,100],"ix":3},"r":{"a":0,"k":0,"ix":6},"o":{"a":0,"k":100,"ix":7},"sk":{"a":0,"k":0,"ix":4},"sa":{"a":0,"k":0,"ix":5},"nm":"Transformar"}],"nm":"Group 19","np":2,"cix":2,"bm":0,"ix":19,"mn":"ADBE Vector Group","hd":false},{"ty":"gr","it":[{"ind":0,"ty":"sh","ix":1,"ks":{"a":0,"k":{"i":[[0.373,0],[0,0],[0,0],[0,0],[0,0]],"o":[[0,0],[0,0],[0,0],[0,0],[0,-0.372]],"v":[[2.418,-1.357],[-3.094,-1.357],[-3.094,1.357],[3.094,1.357],[3.094,-0.683]],"c":true},"ix":2},"nm":"Path 1","mn":"ADBE Vector Shape - Group","hd":false},{"ty":"fl","c":{"a":0,"k":[0.2,0.105999995213,0.039000002543,1],"ix":4,"x":"var $bm_rt;\ntry {\n    $bm_rt = thisComp.layer('Controller')('Effects')('Color 6')('ADBE Color Control-0001');\n} catch (e) {\n    $bm_rt = value;\n}"},"o":{"a":0,"k":100,"ix":5},"r":1,"bm":0,"nm":"Fill 1","mn":"ADBE Vector Graphic - Fill","hd":false},{"ty":"tr","p":{"a":0,"k":[107.404,139.192],"ix":2},"a":{"a":0,"k":[0,0],"ix":1},"s":{"a":0,"k":[100,100],"ix":3},"r":{"a":0,"k":0,"ix":6},"o":{"a":0,"k":100,"ix":7},"sk":{"a":0,"k":0,"ix":4},"sa":{"a":0,"k":0,"ix":5},"nm":"Transformar"}],"nm":"Group 20","np":2,"cix":2,"bm":0,"ix":20,"mn":"ADBE Vector Group","hd":false},{"ty":"gr","it":[{"ind":0,"ty":"sh","ix":1,"ks":{"a":0,"k":{"i":[[0.373,0],[0,0],[0,0],[0,0],[0,0]],"o":[[0,0],[0,0],[0,0],[0,0],[0,-0.372]],"v":[[2.422,-1.357],[-3.092,-1.357],[-3.092,1.357],[3.092,1.357],[3.092,-0.683]],"c":true},"ix":2},"nm":"Path 1","mn":"ADBE Vector Shape - Group","hd":false},{"ty":"fl","c":{"a":0,"k":[0.2,0.105999995213,0.039000002543,1],"ix":4,"x":"var $bm_rt;\ntry {\n    $bm_rt = thisComp.layer('Controller')('Effects')('Color 6')('ADBE Color Control-0001');\n} catch (e) {\n    $bm_rt = value;\n}"},"o":{"a":0,"k":100,"ix":5},"r":1,"bm":0,"nm":"Fill 1","mn":"ADBE Vector Graphic - Fill","hd":false},{"ty":"tr","p":{"a":0,"k":[100.224,139.192],"ix":2},"a":{"a":0,"k":[0,0],"ix":1},"s":{"a":0,"k":[100,100],"ix":3},"r":{"a":0,"k":0,"ix":6},"o":{"a":0,"k":100,"ix":7},"sk":{"a":0,"k":0,"ix":4},"sa":{"a":0,"k":0,"ix":5},"nm":"Transformar"}],"nm":"Group 21","np":2,"cix":2,"bm":0,"ix":21,"mn":"ADBE Vector Group","hd":false},{"ty":"gr","it":[{"ind":0,"ty":"sh","ix":1,"ks":{"a":0,"k":{"i":[[0,0],[-1.11,0],[0,0],[0,0.554],[0,0],[0,0]],"o":[[0,1.109],[0,0],[0.556,0],[0,0],[0,0],[0,0]],"v":[[-88.145,1.415],[-86.136,3.424],[87.141,3.424],[88.145,2.419],[88.145,-3.424],[-88.145,-3.424]],"c":true},"ix":2},"nm":"Path 1","mn":"ADBE Vector Shape - Group","hd":false},{"ty":"fl","c":{"a":0,"k":[0.2,0.105999995213,0.039000002543,1],"ix":4,"x":"var $bm_rt;\ntry {\n    $bm_rt = thisComp.layer('Controller')('Effects')('Color 6')('ADBE Color Control-0001');\n} catch (e) {\n    $bm_rt = value;\n}"},"o":{"a":0,"k":100,"ix":5},"r":1,"bm":0,"nm":"Fill 1","mn":"ADBE Vector Graphic - Fill","hd":false},{"ty":"tr","p":{"a":0,"k":[168.828,143.973],"ix":2},"a":{"a":0,"k":[0,0],"ix":1},"s":{"a":0,"k":[100,100],"ix":3},"r":{"a":0,"k":0,"ix":6},"o":{"a":0,"k":100,"ix":7},"sk":{"a":0,"k":0,"ix":4},"sa":{"a":0,"k":0,"ix":5},"nm":"Transformar"}],"nm":"Group 22","np":2,"cix":2,"bm":0,"ix":22,"mn":"ADBE Vector Group","hd":false}],"ip":0,"op":150,"st":0,"bm":0},{"ddd":0,"ind":8,"ty":4,"nm":"body","sr":1,"ks":{"o":{"a":0,"k":100,"ix":11},"r":{"a":1,"k":[{"i":{"x":[0.5],"y":[1]},"o":{"x":[0.56],"y":[0]},"t":8,"s":[5.815]},{"i":{"x":[0.5],"y":[1]},"o":{"x":[0.5],"y":[0]},"t":24,"s":[0]},{"i":{"x":[0.636],"y":[0.747]},"o":{"x":[0.532],"y":[0]},"t":51,"s":[10.214]},{"i":{"x":[0.633],"y":[1]},"o":{"x":[0.303],"y":[0]},"t":104,"s":[10.214]},{"i":{"x":[0.635],"y":[1]},"o":{"x":[0.303],"y":[0]},"t":117,"s":[15.008]},{"i":{"x":[0.833],"y":[1]},"o":{"x":[0.48],"y":[0]},"t":129,"s":[10.214]},{"t":145,"s":[5.815]}],"ix":10},"p":{"a":1,"k":[{"i":{"x":0.78,"y":0.453},"o":{"x":0.56,"y":0},"t":8,"s":[250.769,301.125,0],"to":[0.007,0.131,0],"ti":[-8.396,0.312,0]},{"i":{"x":0.5,"y":1},"o":{"x":0.22,"y":0.547},"t":16,"s":[267.831,309.573,0],"to":[8.371,-0.311,0],"ti":[0,0,0]},{"i":{"x":0.5,"y":1},"o":{"x":0.5,"y":0},"t":24,"s":[284.369,300.075,0],"to":[0,0,0],"ti":[0,0,0]},{"i":{"x":0.5,"y":1},"o":{"x":0.5,"y":0},"t":51,"s":[284.369,300.075,0],"to":[0,0,0],"ti":[0,0,0]},{"i":{"x":0.668,"y":0.577},"o":{"x":0.31,"y":0},"t":129,"s":[284.369,300.075,0],"to":[0,0,0],"ti":[7.235,-0.226,0]},{"i":{"x":0.833,"y":1},"o":{"x":0.427,"y":0.423},"t":137,"s":[270.703,309.502,0],"to":[-9.302,0.291,0],"ti":[0,0,0]},{"t":145,"s":[250.769,301.125,0]}],"ix":2,"l":2},"a":{"a":0,"k":[82.036,185.204,0],"ix":1,"l":2},"s":{"a":0,"k":[-105,105,100],"ix":6,"l":2}},"ao":0,"shapes":[{"ty":"gr","it":[{"ind":0,"ty":"sh","ix":1,"ks":{"a":0,"k":{"i":[[0,0],[-0.055,0.303],[0,0],[-29.726,-21.18]],"o":[[-30.932,-22.04],[0,0],[-0.053,0.289],[0,0]],"v":[[14.812,26.276],[-10.979,-26.276],[-8.758,-25.875],[16.12,24.44]],"c":true},"ix":2},"nm":"Path 1","mn":"ADBE Vector Shape - Group","hd":false},{"ty":"fl","c":{"a":0,"k":[0,0,0,1],"ix":4,"x":"var $bm_rt;\ntry {\n    $bm_rt = thisComp.layer('Controller')('Effects')('Color 3')('ADBE Color Control-0001');\n} catch (e) {\n    $bm_rt = value;\n}"},"o":{"a":0,"k":100,"ix":5},"r":1,"bm":0,"nm":"Fill 1","mn":"ADBE Vector Graphic - Fill","hd":false},{"ty":"tr","p":{"a":0,"k":[115.273,165.845],"ix":2},"a":{"a":0,"k":[0,0],"ix":1},"s":{"a":0,"k":[100,100],"ix":3},"r":{"a":0,"k":0,"ix":6},"o":{"a":0,"k":100,"ix":7},"sk":{"a":0,"k":0,"ix":4},"sa":{"a":0,"k":0,"ix":5},"nm":"Transformar"}],"nm":"Group 1","np":2,"cix":2,"bm":0,"ix":1,"mn":"ADBE Vector Group","hd":false},{"ty":"gr","it":[{"ind":0,"ty":"sh","ix":1,"ks":{"a":0,"k":{"i":[[2.744,0],[4.74,2.517],[0,0],[-4.217,2.789],[2.361,27.508],[-1.024,4.925],[18.424,5.428],[0,0],[3.973,-19.118],[-1.079,-12.581],[14.03,-9.275]],"o":[[-3.68,0],[0,0],[7.632,2.866],[12.914,-8.537],[-1.139,-13.283],[3.785,-18.221],[0,0],[19.479,5.738],[-0.956,4.602],[2.406,28.07],[-2.12,1.401]],"v":[[-3.735,80.077],[-18.883,76.273],[-15.369,75.058],[2.324,76.095],[9.646,2.378],[8.631,-26.322],[-17.598,-77.915],[-16.96,-80.077],[10.837,-25.863],[11.895,2.185],[3.568,77.975]],"c":true},"ix":2},"nm":"Path 1","mn":"ADBE Vector Shape - Group","hd":false},{"ty":"fl","c":{"a":0,"k":[0.19199999641,0.128999986836,0.075,1],"ix":4,"x":"var $bm_rt;\ntry {\n    $bm_rt = thisComp.layer('Controller')('Effects')('Color')('ADBE Color Control-0001');\n} catch (e) {\n    $bm_rt = value;\n}"},"o":{"a":0,"k":100,"ix":5},"r":1,"bm":0,"nm":"Fill 1","mn":"ADBE Vector Graphic - Fill","hd":false},{"ty":"tr","p":{"a":0,"k":[153.199,134.177],"ix":2},"a":{"a":0,"k":[0,0],"ix":1},"s":{"a":0,"k":[100,100],"ix":3},"r":{"a":0,"k":0,"ix":6},"o":{"a":0,"k":100,"ix":7},"sk":{"a":0,"k":0,"ix":4},"sa":{"a":0,"k":0,"ix":5},"nm":"Transformar"}],"nm":"Group 2","np":2,"cix":2,"bm":0,"ix":2,"mn":"ADBE Vector Group","hd":false},{"ty":"gr","it":[{"ind":0,"ty":"sh","ix":1,"ks":{"a":0,"k":{"i":[[18.844,5.552],[7.859,0.927],[3.606,-3.496],[0,0],[18.781,-26.724],[-11.848,-25.257],[-74.018,-23.924],[-0.539,-0.175],[-3.823,18.415]],"o":[[0,0],[-7.854,-0.924],[-3.607,3.496],[0,0],[-13.953,19.857],[0,0],[0.536,0.173],[50.036,16.286],[3.937,-18.949]],"v":[[43.885,-79.896],[31.792,-96.162],[-15.13,-95.586],[-20.052,-86.504],[-73.258,-71.533],[-79.938,47.021],[44.474,75.559],[46.445,76.354],[70.896,-26.993]],"c":true},"ix":2},"nm":"Path 1","mn":"ADBE Vector Shape - Group","hd":false},{"ty":"fl","c":{"a":0,"k":[1,1,1,1],"ix":4,"x":"var $bm_rt;\ntry {\n    $bm_rt = thisComp.layer('Controller')('Effects')('Color 5')('ADBE Color Control-0001');\n} catch (e) {\n    $bm_rt = value;\n}"},"o":{"a":0,"k":100,"ix":5},"r":1,"bm":0,"nm":"Fill 1","mn":"ADBE Vector Graphic - Fill","hd":false},{"ty":"tr","p":{"a":0,"k":[92.036,135.077],"ix":2},"a":{"a":0,"k":[0,0],"ix":1},"s":{"a":0,"k":[100,100],"ix":3},"r":{"a":0,"k":0,"ix":6},"o":{"a":0,"k":100,"ix":7},"sk":{"a":0,"k":0,"ix":4},"sa":{"a":0,"k":0,"ix":5},"nm":"Transformar"}],"nm":"Group 3","np":2,"cix":2,"bm":0,"ix":3,"mn":"ADBE Vector Group","hd":false},{"ty":"gr","it":[{"ind":0,"ty":"sh","ix":1,"ks":{"a":0,"k":{"i":[[2.302,0.247],[0,0],[-1.437,3.567],[3.439,-1.034]],"o":[[0,0],[18.467,-3.769],[1.437,-3.567],[-9.486,2.853]],"v":[[-11.574,-9.719],[-11.253,2.69],[15.821,-17.163],[19.857,-36.922]],"c":true},"ix":2},"nm":"Path 1","mn":"ADBE Vector Shape - Group","hd":false},{"ty":"fl","c":{"a":0,"k":[0.19199999641,0.128999986836,0.075,1],"ix":4,"x":"var $bm_rt;\ntry {\n    $bm_rt = thisComp.layer('Controller')('Effects')('Color')('ADBE Color Control-0001');\n} catch (e) {\n    $bm_rt = value;\n}"},"o":{"a":0,"k":100,"ix":5},"r":1,"bm":0,"nm":"Fill 1","mn":"ADBE Vector Graphic - Fill","hd":false},{"ty":"tr","p":{"a":0,"k":[92.291,33.845],"ix":2},"a":{"a":0,"k":[0,0],"ix":1},"s":{"a":0,"k":[100,100],"ix":3},"r":{"a":0,"k":0,"ix":6},"o":{"a":0,"k":100,"ix":7},"sk":{"a":0,"k":0,"ix":4},"sa":{"a":0,"k":0,"ix":5},"nm":"Transformar"}],"nm":"Group 4","np":2,"cix":2,"bm":0,"ix":4,"mn":"ADBE Vector Group","hd":false},{"ty":"gr","it":[{"ind":0,"ty":"sh","ix":1,"ks":{"a":0,"k":{"i":[[26.16,-8.324],[0,0],[-28.655,18.891],[0,0]],"o":[[0,0],[2.097,3.088],[0,0],[0,0]],"v":[[-21.05,-19.422],[-21.05,18.682],[21.05,16.342],[21.05,-35.233]],"c":true},"ix":2},"nm":"Path 1","mn":"ADBE Vector Shape - Group","hd":false},{"ty":"fl","c":{"a":0,"k":[0.984313785329,0.63137254902,0.607843137255,1],"ix":4,"x":"var $bm_rt;\ntry {\n    $bm_rt = thisComp.layer('Controller')('Effects')('Color 4')('ADBE Color Control-0001');\n} catch (e) {\n    $bm_rt = value;\n}"},"o":{"a":0,"k":100,"ix":5},"r":1,"bm":0,"nm":"Fill 1","mn":"ADBE Vector Graphic - Fill","hd":false},{"ty":"tr","p":{"a":0,"k":[101.913,35.484],"ix":2},"a":{"a":0,"k":[0,0],"ix":1},"s":{"a":0,"k":[100,100],"ix":3},"r":{"a":0,"k":0,"ix":6},"o":{"a":0,"k":100,"ix":7},"sk":{"a":0,"k":0,"ix":4},"sa":{"a":0,"k":0,"ix":5},"nm":"Transformar"}],"nm":"Group 5","np":2,"cix":2,"bm":0,"ix":5,"mn":"ADBE Vector Group","hd":false}],"ip":0,"op":150,"st":0,"bm":0},{"ddd":0,"ind":9,"ty":4,"nm":"arm2","parent":8,"sr":1,"ks":{"o":{"a":0,"k":100,"ix":11},"r":{"a":1,"k":[{"i":{"x":[0.5],"y":[1]},"o":{"x":[0.56],"y":[0]},"t":8,"s":[10.929]},{"i":{"x":[0.5],"y":[1]},"o":{"x":[0.5],"y":[0]},"t":24,"s":[0]},{"i":{"x":[0.5],"y":[1]},"o":{"x":[0.5],"y":[0]},"t":51,"s":[47.824]},{"i":{"x":[0.833],"y":[1]},"o":{"x":[0.446],"y":[0]},"t":129,"s":[47.824]},{"t":145,"s":[10.929]}],"ix":10},"p":{"a":0,"k":[142.684,71.636,0],"ix":2,"l":2},"a":{"a":0,"k":[34.109,29.569,0],"ix":1,"l":2},"s":{"a":0,"k":[100,100,100],"ix":6,"l":2}},"ao":0,"shapes":[{"ty":"gr","it":[{"ind":0,"ty":"sh","ix":1,"ks":{"a":0,"k":{"i":[[18.062,-0.002],[2.946,0.702],[0,0],[-0.119,0.23],[0,0],[0,0],[-0.101,0.156],[0,0],[13.259,3.296]],"o":[[-2.607,0.001],[0,0],[24.364,5.808],[0,0],[0,0],[12.068,3.726],[0,0],[-0.44,0.673],[-2.178,3.687]],"v":[[-22.917,15.067],[-31.243,14.054],[-30.72,11.861],[5.729,-5.419],[6.158,-6.266],[7.066,-5.985],[29.354,-17.669],[31.243,-16.435],[7.282,-3.584]],"c":true},"ix":2},"nm":"Path 1","mn":"ADBE Vector Shape - Group","hd":false},{"ty":"fl","c":{"a":0,"k":[0.19199999641,0.128999986836,0.075,1],"ix":4,"x":"var $bm_rt;\ntry {\n    $bm_rt = thisComp.layer('Controller')('Effects')('Color')('ADBE Color Control-0001');\n} catch (e) {\n    $bm_rt = value;\n}"},"o":{"a":0,"k":100,"ix":5},"r":1,"bm":0,"nm":"Fill 1","mn":"ADBE Vector Graphic - Fill","hd":false},{"ty":"tr","p":{"a":0,"k":[75.926,127.857],"ix":2},"a":{"a":0,"k":[0,0],"ix":1},"s":{"a":0,"k":[100,100],"ix":3},"r":{"a":0,"k":0,"ix":6},"o":{"a":0,"k":100,"ix":7},"sk":{"a":0,"k":0,"ix":4},"sa":{"a":0,"k":0,"ix":5},"nm":"Transformar"}],"nm":"Group 1","np":2,"cix":2,"bm":0,"ix":1,"mn":"ADBE Vector Group","hd":false},{"ty":"gr","it":[{"ind":0,"ty":"sh","ix":1,"ks":{"a":0,"k":{"i":[[14.158,-6.359],[0,0],[-2.766,1.815],[0.132,0.399],[0,0],[0,0],[-0.897,5.745],[25.424,17.523],[0,0],[3.334,-21.382],[4.482,-1.811],[-2.753,-3.373],[0,0],[0,0]],"o":[[0,0],[11.397,-5.118],[-3.374,-4.834],[0,0],[0,0],[4.293,-1.3],[3.171,-20.331],[0,0],[26.499,18.265],[-0.949,6.092],[0.972,2.697],[0,0],[0,0],[-0.096,0.067]],"v":[[-5.108,62.245],[-6.033,60.188],[16.573,47.937],[10.087,33.897],[9.717,32.796],[10.83,32.459],[18.652,21.841],[-24.214,-60.389],[-22.932,-62.245],[20.88,22.188],[12.593,34.226],[19.064,47.501],[19.834,48.445],[18.832,49.14]],"c":true},"ix":2},"nm":"Path 1","mn":"ADBE Vector Shape - Group","hd":false},{"ty":"fl","c":{"a":0,"k":[0.19199999641,0.128999986836,0.075,1],"ix":4,"x":"var $bm_rt;\ntry {\n    $bm_rt = thisComp.layer('Controller')('Effects')('Color')('ADBE Color Control-0001');\n} catch (e) {\n    $bm_rt = value;\n}"},"o":{"a":0,"k":100,"ix":5},"r":1,"bm":0,"nm":"Fill 1","mn":"ADBE Vector Graphic - Fill","hd":false},{"ty":"tr","p":{"a":0,"k":[99.544,85.928],"ix":2},"a":{"a":0,"k":[0,0],"ix":1},"s":{"a":0,"k":[100,100],"ix":3},"r":{"a":0,"k":0,"ix":6},"o":{"a":0,"k":100,"ix":7},"sk":{"a":0,"k":0,"ix":4},"sa":{"a":0,"k":0,"ix":5},"nm":"Transformar"}],"nm":"Group 2","np":2,"cix":2,"bm":0,"ix":2,"mn":"ADBE Vector Group","hd":false},{"ty":"gr","it":[{"ind":0,"ty":"sh","ix":1,"ks":{"a":0,"k":{"i":[[-35.344,-24.361],[23.267,-7.047],[-3.578,-4.387],[36.29,-0.03],[3.206,1.825],[9.474,22.497],[6.651,26.84]],"o":[[32.22,22.209],[0,0],[0,0],[0,0],[0,0],[-9.475,-22.495],[-9.709,-39.178]],"v":[[8.863,-54.959],[43.591,39.897],[50.624,54.572],[-21.295,79.319],[-26.779,68.735],[-55.6,50.351],[-57.15,-23.241]],"c":true},"ix":2},"nm":"Path 1","mn":"ADBE Vector Shape - Group","hd":false},{"ty":"fl","c":{"a":0,"k":[1,1,1,1],"ix":4,"x":"var $bm_rt;\ntry {\n    $bm_rt = thisComp.layer('Controller')('Effects')('Color 5')('ADBE Color Control-0001');\n} catch (e) {\n    $bm_rt = value;\n}"},"o":{"a":0,"k":100,"ix":5},"r":1,"bm":0,"nm":"Fill 1","mn":"ADBE Vector Graphic - Fill","hd":false},{"ty":"tr","p":{"a":0,"k":[67.108,79.57],"ix":2},"a":{"a":0,"k":[0,0],"ix":1},"s":{"a":0,"k":[100,100],"ix":3},"r":{"a":0,"k":0,"ix":6},"o":{"a":0,"k":100,"ix":7},"sk":{"a":0,"k":0,"ix":4},"sa":{"a":0,"k":0,"ix":5},"nm":"Transformar"}],"nm":"Group 3","np":2,"cix":2,"bm":0,"ix":3,"mn":"ADBE Vector Group","hd":false}],"ip":0,"op":150,"st":0,"bm":0},{"ddd":0,"ind":10,"ty":4,"nm":"skirt","sr":1,"ks":{"o":{"a":0,"k":100,"ix":11},"r":{"a":1,"k":[{"i":{"x":[0.44],"y":[1]},"o":{"x":[0.56],"y":[0]},"t":8,"s":[0.741]},{"i":{"x":[0.601],"y":[1]},"o":{"x":[0.162],"y":[0]},"t":24,"s":[0]},{"i":{"x":[0.833],"y":[1]},"o":{"x":[0.339],"y":[0]},"t":129,"s":[0]},{"t":145,"s":[0.741]}],"ix":10},"p":{"a":1,"k":[{"i":{"x":0.78,"y":0.461},"o":{"x":0.56,"y":0},"t":8,"s":[236.069,324.009,0],"to":[-0.275,-0.092,0],"ti":[-9.606,0.504,0]},{"i":{"x":0.5,"y":1},"o":{"x":0.22,"y":0.59},"t":16,"s":[256.542,331.812,0],"to":[8.688,-0.456,0],"ti":[0,0,0]},{"i":{"x":0.5,"y":1},"o":{"x":0.5,"y":0},"t":24,"s":[273.869,321.909,0],"to":[0,0,0],"ti":[0,0,0]},{"i":{"x":0.5,"y":1},"o":{"x":0.5,"y":0},"t":51,"s":[273.869,321.909,0],"to":[0,0,0],"ti":[0,0,0]},{"i":{"x":0.833,"y":1},"o":{"x":0.354,"y":0},"t":129,"s":[273.869,321.909,0],"to":[0,0,0],"ti":[0,0,0]},{"t":145,"s":[236.069,324.009,0]}],"ix":2,"l":2},"a":{"a":0,"k":[124.642,39.135,0],"ix":1,"l":2},"s":{"a":0,"k":[-105,105,100],"ix":6,"l":2}},"ao":0,"shapes":[{"ty":"gr","it":[{"ind":0,"ty":"sh","ix":1,"ks":{"a":0,"k":{"i":[[0,0],[0.511,4.454],[-22.931,50.88],[0.432,0.37],[0,0],[24.627,-54.64],[-6.545,-57.201],[-0.44,-3.964]],"o":[[-0.44,-3.964],[-6.569,-57.428],[23.942,-53.122],[0,0],[0.442,0.382],[-22.676,50.316],[0.508,4.455],[0,0]],"v":[[-5.807,154.793],[-7.242,142.147],[-1.877,-62.28],[-20.776,-153.082],[-19.305,-154.793],[0.18,-61.355],[-4.999,141.893],[-3.566,154.542]],"c":true},"ix":2},"nm":"Path 1","mn":"ADBE Vector Shape - Group","hd":false},{"ty":"fl","c":{"a":0,"k":[0,0,0,1],"ix":4,"x":"var $bm_rt;\ntry {\n    $bm_rt = thisComp.layer('Controller')('Effects')('Color 3')('ADBE Color Control-0001');\n} catch (e) {\n    $bm_rt = value;\n}"},"o":{"a":0,"k":100,"ix":5},"r":1,"bm":0,"nm":"Fill 1","mn":"ADBE Vector Graphic - Fill","hd":false},{"ty":"tr","p":{"a":0,"k":[172.96,196.935],"ix":2},"a":{"a":0,"k":[0,0],"ix":1},"s":{"a":0,"k":[100,100],"ix":3},"r":{"a":0,"k":0,"ix":6},"o":{"a":0,"k":100,"ix":7},"sk":{"a":0,"k":0,"ix":4},"sa":{"a":0,"k":0,"ix":5},"nm":"Transformar"}],"nm":"Group 1","np":2,"cix":2,"bm":0,"ix":1,"mn":"ADBE Vector Group","hd":false},{"ty":"gr","it":[{"ind":0,"ty":"sh","ix":1,"ks":{"a":0,"k":{"i":[[-13.816,2.878],[16.91,51.356],[-10.811,28.518],[11.156,18.485],[18.655,-13.79],[3.462,-63.968],[0,0],[0,0],[0,0],[0,0]],"o":[[-24.832,-34.104],[-10.016,-30.419],[17.902,-47.225],[-11.159,-18.486],[-26.825,19.831],[-4.604,85.119],[73.961,16.438],[3.898,-18.781],[0,0],[16.119,-17.849]],"v":[[131.392,165.492],[75.016,18.528],[69.642,-85.876],[45.815,-184.507],[-78.938,-213.095],[-119.788,-101.673],[-103.085,210.447],[37.367,215.678],[40.723,151.404],[78.711,193.416]],"c":true},"ix":2},"nm":"Path 1","mn":"ADBE Vector Shape - Group","hd":false},{"ty":"fl","c":{"a":0,"k":[0.988235294819,0.23137255013,0.329411774874,1],"ix":4},"o":{"a":0,"k":100,"ix":5},"r":1,"bm":0,"nm":"Fill 1","mn":"ADBE Vector Graphic - Fill","hd":false},{"ty":"tr","p":{"a":0,"k":[131.642,227.135],"ix":2},"a":{"a":0,"k":[0,0],"ix":1},"s":{"a":0,"k":[100,100],"ix":3},"r":{"a":0,"k":0,"ix":6},"o":{"a":0,"k":100,"ix":7},"sk":{"a":0,"k":0,"ix":4},"sa":{"a":0,"k":0,"ix":5},"nm":"Transformar"}],"nm":"Group 2","np":2,"cix":2,"bm":0,"ix":2,"mn":"ADBE Vector Group","hd":false}],"ip":0,"op":150,"st":0,"bm":0},{"ddd":0,"ind":11,"ty":4,"nm":"hand2","parent":9,"sr":1,"ks":{"o":{"a":0,"k":100,"ix":11},"r":{"a":1,"k":[{"i":{"x":[0.5],"y":[1]},"o":{"x":[0.205],"y":[0]},"t":8,"s":[-39.916]},{"i":{"x":[0.5],"y":[1]},"o":{"x":[0.5],"y":[0]},"t":24,"s":[-29.479]},{"i":{"x":[0.667],"y":[1]},"o":{"x":[0.5],"y":[0]},"t":51,"s":[98.668]},{"i":{"x":[0.672],"y":[1]},"o":{"x":[0.349],"y":[0]},"t":59,"s":[98.668]},{"i":{"x":[0.667],"y":[1]},"o":{"x":[0.346],"y":[0]},"t":64,"s":[83.833]},{"i":{"x":[0.667],"y":[1]},"o":{"x":[0.344],"y":[0]},"t":69,"s":[93.397]},{"i":{"x":[0.672],"y":[1]},"o":{"x":[0.344],"y":[0]},"t":80,"s":[93.397]},{"i":{"x":[0.667],"y":[1]},"o":{"x":[0.346],"y":[0]},"t":84,"s":[83.833]},{"i":{"x":[0.672],"y":[1]},"o":{"x":[0.349],"y":[0]},"t":88,"s":[98.668]},{"i":{"x":[0.667],"y":[1]},"o":{"x":[0.346],"y":[0]},"t":92,"s":[83.833]},{"i":{"x":[0.667],"y":[1]},"o":{"x":[0.372],"y":[0]},"t":96,"s":[93.397]},{"i":{"x":[0.833],"y":[1]},"o":{"x":[0.395],"y":[0]},"t":129,"s":[93.397]},{"t":145,"s":[-39.916]}],"ix":10},"p":{"a":0,"k":[77.255,145.543,0],"ix":2,"l":2},"a":{"a":0,"k":[54.845,34.135,0],"ix":1,"l":2},"s":{"a":1,"k":[{"i":{"x":[0.5,0.5,0.5],"y":[1,1,1]},"o":{"x":[0.5,0.5,0.5],"y":[0,0,0]},"t":8,"s":[100,100,100]},{"i":{"x":[0.5,0.5,0.5],"y":[1,1,1]},"o":{"x":[0.5,0.5,0.5],"y":[0,0,0]},"t":39,"s":[100,100,100]},{"i":{"x":[0.5,0.5,0.5],"y":[1,1,1]},"o":{"x":[0.5,0.5,0.5],"y":[0,0,0]},"t":40,"s":[-100,100,100]},{"i":{"x":[0.5,0.5,0.5],"y":[1,1,1]},"o":{"x":[0.5,0.5,0.5],"y":[0,0,0]},"t":141,"s":[-100,100,100]},{"t":142,"s":[100,100,100]}],"ix":6,"l":2}},"ao":0,"shapes":[{"ty":"gr","it":[{"ind":0,"ty":"sh","ix":1,"ks":{"a":0,"k":{"i":[[0,0],[-14.94,-5.168],[0,0],[-2.196,6.312],[10.509,-28.84]],"o":[[0,0],[14.94,5.168],[3.702,-23.088],[12.634,-36.306],[-3.638,9.988]],"v":[[-38.445,62.877],[-30.586,79.88],[-14.932,74.431],[25.811,-26.912],[-24.153,-45.59]],"c":true},"ix":2},"nm":"Path 1","mn":"ADBE Vector Shape - Group","hd":false},{"ty":"fl","c":{"a":0,"k":[0.984313785329,0.63137254902,0.607843137255,1],"ix":4,"x":"var $bm_rt;\ntry {\n    $bm_rt = thisComp.layer('Controller')('Effects')('Color 4')('ADBE Color Control-0001');\n} catch (e) {\n    $bm_rt = value;\n}"},"o":{"a":0,"k":100,"ix":5},"r":1,"bm":0,"nm":"Fill 1","mn":"ADBE Vector Graphic - Fill","hd":false},{"ty":"tr","p":{"a":0,"k":[52.983,74.681],"ix":2},"a":{"a":0,"k":[0,0],"ix":1},"s":{"a":0,"k":[100,100],"ix":3},"r":{"a":0,"k":0,"ix":6},"o":{"a":0,"k":100,"ix":7},"sk":{"a":0,"k":0,"ix":4},"sa":{"a":0,"k":0,"ix":5},"nm":"Transformar"}],"nm":"Group 1","np":2,"cix":2,"bm":0,"ix":1,"mn":"ADBE Vector Group","hd":false}],"ip":0,"op":150,"st":0,"bm":0},{"ddd":0,"ind":12,"ty":4,"nm":"wrist2","parent":11,"sr":1,"ks":{"o":{"a":0,"k":100,"ix":11},"r":{"a":1,"k":[{"i":{"x":[0.5],"y":[1]},"o":{"x":[0.167],"y":[0]},"t":8,"s":[78.79]},{"i":{"x":[0.667],"y":[1]},"o":{"x":[0.5],"y":[0]},"t":51,"s":[78.79]},{"i":{"x":[0.667],"y":[1]},"o":{"x":[0.333],"y":[0]},"t":59,"s":[78.79]},{"i":{"x":[0.667],"y":[1]},"o":{"x":[0.333],"y":[0]},"t":64,"s":[124.727]},{"i":{"x":[0.667],"y":[1]},"o":{"x":[0.172],"y":[0]},"t":69,"s":[78.79]},{"i":{"x":[0.667],"y":[1]},"o":{"x":[0.333],"y":[0]},"t":80,"s":[78.79]},{"i":{"x":[0.667],"y":[1]},"o":{"x":[0.333],"y":[0]},"t":84,"s":[124.727]},{"i":{"x":[0.667],"y":[1]},"o":{"x":[0.333],"y":[0]},"t":88,"s":[78.79]},{"i":{"x":[0.667],"y":[1]},"o":{"x":[0.333],"y":[0]},"t":92,"s":[124.727]},{"i":{"x":[0.667],"y":[1]},"o":{"x":[0.167],"y":[0]},"t":96,"s":[78.79]},{"i":{"x":[0.833],"y":[1]},"o":{"x":[0.167],"y":[0]},"t":129,"s":[78.79]},{"t":145,"s":[78.79]}],"ix":10},"p":{"a":0,"k":[26.844,146.056,0],"ix":2,"l":2},"a":{"a":0,"k":[454.776,561.018,0],"ix":1,"l":2},"s":{"a":0,"k":[95.238,95.238,100],"ix":6,"l":2}},"ao":0,"shapes":[{"ty":"gr","it":[{"ty":"gr","it":[{"ind":0,"ty":"sh","ix":1,"ks":{"a":0,"k":{"i":[[6.241,-7.101],[0,0]],"o":[[0,0],[0,0]],"v":[[-6.854,13.485],[6.854,-13.485]],"c":true},"ix":2},"nm":"Path 1","mn":"ADBE Vector Shape - Group","hd":false},{"ty":"fl","c":{"a":0,"k":[0.192000001669,0.128999993205,0.07500000298,1],"ix":4,"x":"var $bm_rt;\ntry {\n    $bm_rt = thisComp.layer('Controller')('Effects')('Color')('ADBE Color Control-0001');\n} catch (e) {\n    $bm_rt = value;\n}"},"o":{"a":0,"k":100,"ix":5},"r":1,"bm":0,"nm":"Fill 1","mn":"ADBE Vector Graphic - Fill","hd":false},{"ty":"tr","p":{"a":0,"k":[37.577,204.502],"ix":2},"a":{"a":0,"k":[0,0],"ix":1},"s":{"a":0,"k":[100,100],"ix":3},"r":{"a":0,"k":0,"ix":6},"o":{"a":0,"k":100,"ix":7},"sk":{"a":0,"k":0,"ix":4},"sa":{"a":0,"k":0,"ix":5},"nm":"Transformar"}],"nm":"Group 2","np":2,"cix":2,"bm":0,"ix":1,"mn":"ADBE Vector Group","hd":false},{"ty":"tr","p":{"a":0,"k":[517.163,561.894],"ix":2},"a":{"a":0,"k":[37.577,204.502],"ix":1},"s":{"a":0,"k":[105,105],"ix":3},"r":{"a":0,"k":-78.79,"ix":6},"o":{"a":0,"k":100,"ix":7},"sk":{"a":0,"k":0,"ix":4},"sa":{"a":0,"k":0,"ix":5},"nm":"Transformar"}],"nm":"Group 2","np":1,"cix":2,"bm":0,"ix":1,"mn":"ADBE Vector Group","hd":false},{"ty":"gr","it":[{"ty":"gr","it":[{"ind":0,"ty":"sh","ix":1,"ks":{"a":0,"k":{"i":[[5.525,-7.671],[0,0]],"o":[[0,0],[0,0]],"v":[[-4.734,12.083],[4.734,-12.083]],"c":true},"ix":2},"nm":"Path 1","mn":"ADBE Vector Shape - Group","hd":false},{"ty":"fl","c":{"a":0,"k":[0.192000001669,0.128999993205,0.07500000298,1],"ix":4,"x":"var $bm_rt;\ntry {\n    $bm_rt = thisComp.layer('Controller')('Effects')('Color')('ADBE Color Control-0001');\n} catch (e) {\n    $bm_rt = value;\n}"},"o":{"a":0,"k":100,"ix":5},"r":1,"bm":0,"nm":"Fill 1","mn":"ADBE Vector Graphic - Fill","hd":false},{"ty":"tr","p":{"a":0,"k":[28.308,200.915],"ix":2},"a":{"a":0,"k":[0,0],"ix":1},"s":{"a":0,"k":[100,100],"ix":3},"r":{"a":0,"k":0,"ix":6},"o":{"a":0,"k":100,"ix":7},"sk":{"a":0,"k":0,"ix":4},"sa":{"a":0,"k":0,"ix":5},"nm":"Transformar"}],"nm":"Group 3","np":2,"cix":2,"bm":0,"ix":1,"mn":"ADBE Vector Group","hd":false},{"ty":"tr","p":{"a":0,"k":[511.578,570.709],"ix":2},"a":{"a":0,"k":[28.308,200.915],"ix":1},"s":{"a":0,"k":[105,105],"ix":3},"r":{"a":0,"k":-78.79,"ix":6},"o":{"a":0,"k":100,"ix":7},"sk":{"a":0,"k":0,"ix":4},"sa":{"a":0,"k":0,"ix":5},"nm":"Transformar"}],"nm":"Group 3","np":1,"cix":2,"bm":0,"ix":2,"mn":"ADBE Vector Group","hd":false},{"ty":"gr","it":[{"ty":"gr","it":[{"ind":0,"ty":"sh","ix":1,"ks":{"a":0,"k":{"i":[[0,0],[8.846,-8.804],[0.305,2.706],[0,0],[3.268,0.62],[6.229,4.025],[-1.79,4.994],[0.375,1.63],[0,0],[0,0]],"o":[[0,0],[-1.931,1.92],[-1.19,-10.547],[0,0],[-1.867,-0.354],[-4.455,-2.881],[2.162,-6.05],[-1.194,-5.213],[0,0],[0,0]],"v":[[22.685,-13.271],[11.953,27.262],[6.578,27.264],[13.685,-10.35],[-0.439,13.087],[-16.203,3.934],[-18.505,-9.232],[-15.718,-21.595],[-22.685,-29.97],[6.337,-27.707]],"c":true},"ix":2},"nm":"Path 1","mn":"ADBE Vector Shape - Group","hd":false},{"ty":"fl","c":{"a":0,"k":[0.98431378603,0.631372570992,0.607843160629,1],"ix":4,"x":"var $bm_rt;\ntry {\n    $bm_rt = thisComp.layer('Controller')('Effects')('Color 4')('ADBE Color Control-0001');\n} catch (e) {\n    $bm_rt = value;\n}"},"o":{"a":0,"k":100,"ix":5},"r":1,"bm":0,"nm":"Fill 1","mn":"ADBE Vector Graphic - Fill","hd":false},{"ty":"tr","p":{"a":0,"k":[38.146,208.442],"ix":2},"a":{"a":0,"k":[0,0],"ix":1},"s":{"a":0,"k":[100,100],"ix":3},"r":{"a":0,"k":0,"ix":6},"o":{"a":0,"k":100,"ix":7},"sk":{"a":0,"k":0,"ix":4},"sa":{"a":0,"k":0,"ix":5},"nm":"Transformar"}],"nm":"Group 4","np":2,"cix":2,"bm":0,"ix":1,"mn":"ADBE Vector Group","hd":false},{"ty":"tr","p":{"a":0,"k":[520.844,562.014],"ix":2},"a":{"a":0,"k":[38.146,207.962],"ix":1},"s":{"a":0,"k":[105,105],"ix":3},"r":{"a":0,"k":-78.79,"ix":6},"o":{"a":0,"k":100,"ix":7},"sk":{"a":0,"k":0,"ix":4},"sa":{"a":0,"k":0,"ix":5},"nm":"Transformar"}],"nm":"Group 4","np":1,"cix":2,"bm":0,"ix":3,"mn":"ADBE Vector Group","hd":false},{"ty":"gr","it":[{"ty":"gr","it":[{"ind":0,"ty":"sh","ix":1,"ks":{"a":0,"k":{"i":[[0,0],[-15.757,-6.023],[0,0],[12.604,6.728],[0,0],[10.772,3.73]],"o":[[0,0],[16.942,6.474],[0,0],[-12.193,-6.51],[0,0],[-9.466,-3.278]],"v":[[-16.893,-29.048],[-15.525,12.616],[29.298,29.048],[18.678,5.258],[6.767,-18.138],[-2.5,-31.974]],"c":true},"ix":2},"nm":"Path 1","mn":"ADBE Vector Shape - Group","hd":false},{"ty":"fl","c":{"a":0,"k":[0.98431378603,0.631372570992,0.607843160629,1],"ix":4,"x":"var $bm_rt;\ntry {\n    $bm_rt = thisComp.layer('Controller')('Effects')('Color 4')('ADBE Color Control-0001');\n} catch (e) {\n    $bm_rt = value;\n}"},"o":{"a":0,"k":100,"ix":5},"r":1,"bm":0,"nm":"Fill 1","mn":"ADBE Vector Graphic - Fill","hd":false},{"ty":"tr","p":{"a":0,"k":[31.532,166.124],"ix":2},"a":{"a":0,"k":[0,0],"ix":1},"s":{"a":0,"k":[100,100],"ix":3},"r":{"a":0,"k":0,"ix":6},"o":{"a":0,"k":100,"ix":7},"sk":{"a":0,"k":0,"ix":4},"sa":{"a":0,"k":0,"ix":5},"nm":"Transformar"}],"nm":"Group 5","np":2,"cix":2,"bm":0,"ix":1,"mn":"ADBE Vector Group","hd":false},{"ty":"tr","p":{"a":0,"k":[477.066,556.933],"ix":2},"a":{"a":0,"k":[34.787,166.124],"ix":1},"s":{"a":0,"k":[105,105],"ix":3},"r":{"a":0,"k":-78.79,"ix":6},"o":{"a":0,"k":100,"ix":7},"sk":{"a":0,"k":0,"ix":4},"sa":{"a":0,"k":0,"ix":5},"nm":"Transformar"}],"nm":"Group 5","np":1,"cix":2,"bm":0,"ix":4,"mn":"ADBE Vector Group","hd":false}],"ip":0,"op":150,"st":0,"bm":0},{"ddd":0,"ind":13,"ty":4,"nm":"foot1","sr":1,"ks":{"o":{"a":0,"k":100,"ix":11},"r":{"a":0,"k":0,"ix":10},"p":{"a":0,"k":[277.831,830.825,0],"ix":2,"l":2},"a":{"a":0,"k":[135.912,0.845,0],"ix":1,"l":2},"s":{"a":0,"k":[-105,105,100],"ix":6,"l":2}},"ao":0,"shapes":[{"ty":"gr","it":[{"ind":0,"ty":"sh","ix":1,"ks":{"a":0,"k":{"i":[[0,0],[4.497,0],[22.786,-1.12],[0,0],[-3.721,4.546]],"o":[[-1.028,5.977],[-11.953,0],[-22.785,1.121],[0,0],[0,0]],"v":[[85.261,-5.6],[76.109,2.24],[-7.564,4.479],[-85.261,4.479],[-79.917,-3.828]],"c":true},"ix":2},"nm":"Path 1","mn":"ADBE Vector Shape - Group","hd":false},{"ty":"fl","c":{"a":0,"k":[1,1,1,1],"ix":4,"x":"var $bm_rt;\ntry {\n    $bm_rt = thisComp.layer('Controller')('Effects')('Color 5')('ADBE Color Control-0001');\n} catch (e) {\n    $bm_rt = value;\n}"},"o":{"a":0,"k":100,"ix":5},"r":1,"bm":0,"nm":"Fill 1","mn":"ADBE Vector Graphic - Fill","hd":false},{"ty":"tr","p":{"a":0,"k":[85.512,73.84],"ix":2},"a":{"a":0,"k":[0,0],"ix":1},"s":{"a":0,"k":[100,100],"ix":3},"r":{"a":0,"k":0,"ix":6},"o":{"a":0,"k":100,"ix":7},"sk":{"a":0,"k":0,"ix":4},"sa":{"a":0,"k":0,"ix":5},"nm":"Transformar"}],"nm":"Group 1","np":2,"cix":2,"bm":0,"ix":1,"mn":"ADBE Vector Group","hd":false},{"ty":"gr","it":[{"ind":0,"ty":"sh","ix":1,"ks":{"a":0,"k":{"i":[[0,-16.118],[0,0],[0.513,0.046],[0,0]],"o":[[0,0],[0,-14.015],[0,0],[0.147,0.011]],"v":[[7.424,8.773],[5.169,8.773],[-7.424,-6.527],[-7.232,-8.773]],"c":true},"ix":2},"nm":"Path 1","mn":"ADBE Vector Shape - Group","hd":false},{"ty":"fl","c":{"a":0,"k":[0.19199999641,0.128999986836,0.075,1],"ix":4,"x":"var $bm_rt;\ntry {\n    $bm_rt = thisComp.layer('Controller')('Effects')('Color')('ADBE Color Control-0001');\n} catch (e) {\n    $bm_rt = value;\n}"},"o":{"a":0,"k":100,"ix":5},"r":1,"bm":0,"nm":"Fill 1","mn":"ADBE Vector Graphic - Fill","hd":false},{"ty":"tr","p":{"a":0,"k":[49.134,60.854],"ix":2},"a":{"a":0,"k":[0,0],"ix":1},"s":{"a":0,"k":[100,100],"ix":3},"r":{"a":0,"k":0,"ix":6},"o":{"a":0,"k":100,"ix":7},"sk":{"a":0,"k":0,"ix":4},"sa":{"a":0,"k":0,"ix":5},"nm":"Transformar"}],"nm":"Group 2","np":2,"cix":2,"bm":0,"ix":2,"mn":"ADBE Vector Group","hd":false},{"ty":"gr","it":[{"ind":0,"ty":"sh","ix":1,"ks":{"a":0,"k":{"i":[[0,0],[32.87,0.193],[0,0],[-0.172,-0.282]],"o":[[-0.168,-0.271],[0,0],[34.153,0.203],[0,0]],"v":[[24.011,14.773],[-25.931,-12.518],[-25.918,-14.773],[25.931,13.594]],"c":true},"ix":2},"nm":"Path 1","mn":"ADBE Vector Shape - Group","hd":false},{"ty":"fl","c":{"a":0,"k":[0.19199999641,0.128999986836,0.075,1],"ix":4,"x":"var $bm_rt;\ntry {\n    $bm_rt = thisComp.layer('Controller')('Effects')('Color')('ADBE Color Control-0001');\n} catch (e) {\n    $bm_rt = value;\n}"},"o":{"a":0,"k":100,"ix":5},"r":1,"bm":0,"nm":"Fill 1","mn":"ADBE Vector Graphic - Fill","hd":false},{"ty":"tr","p":{"a":0,"k":[109.942,46.025],"ix":2},"a":{"a":0,"k":[0,0],"ix":1},"s":{"a":0,"k":[100,100],"ix":3},"r":{"a":0,"k":0,"ix":6},"o":{"a":0,"k":100,"ix":7},"sk":{"a":0,"k":0,"ix":4},"sa":{"a":0,"k":0,"ix":5},"nm":"Transformar"}],"nm":"Group 3","np":2,"cix":2,"bm":0,"ix":3,"mn":"ADBE Vector Group","hd":false},{"ty":"gr","it":[{"ind":0,"ty":"sh","ix":1,"ks":{"a":0,"k":{"i":[[0,0],[31.214,0.181],[0,0],[-0.165,-0.262]],"o":[[-0.158,-0.254],[0,0],[32.484,0.189],[0,0]],"v":[[22.756,13.844],[-24.668,-11.59],[-24.655,-13.844],[24.668,12.646]],"c":true},"ix":2},"nm":"Path 1","mn":"ADBE Vector Shape - Group","hd":false},{"ty":"fl","c":{"a":0,"k":[0.19199999641,0.128999986836,0.075,1],"ix":4,"x":"var $bm_rt;\ntry {\n    $bm_rt = thisComp.layer('Controller')('Effects')('Color')('ADBE Color Control-0001');\n} catch (e) {\n    $bm_rt = value;\n}"},"o":{"a":0,"k":100,"ix":5},"r":1,"bm":0,"nm":"Fill 1","mn":"ADBE Vector Graphic - Fill","hd":false},{"ty":"tr","p":{"a":0,"k":[116.243,37.625],"ix":2},"a":{"a":0,"k":[0,0],"ix":1},"s":{"a":0,"k":[100,100],"ix":3},"r":{"a":0,"k":0,"ix":6},"o":{"a":0,"k":100,"ix":7},"sk":{"a":0,"k":0,"ix":4},"sa":{"a":0,"k":0,"ix":5},"nm":"Transformar"}],"nm":"Group 4","np":2,"cix":2,"bm":0,"ix":4,"mn":"ADBE Vector Group","hd":false},{"ty":"gr","it":[{"ind":0,"ty":"sh","ix":1,"ks":{"a":0,"k":{"i":[[0,-29.69],[0,0],[-0.319,0.031],[0,0]],"o":[[0,0],[0,-31.752],[0,0],[-1.228,0.125]],"v":[[-13.913,17.651],[-16.168,17.651],[15.944,-17.651],[16.168,-15.409]],"c":true},"ix":2},"nm":"Path 1","mn":"ADBE Vector Shape - Group","hd":false},{"ty":"fl","c":{"a":0,"k":[0.19199999641,0.128999986836,0.075,1],"ix":4,"x":"var $bm_rt;\ntry {\n    $bm_rt = thisComp.layer('Controller')('Effects')('Color')('ADBE Color Control-0001');\n} catch (e) {\n    $bm_rt = value;\n}"},"o":{"a":0,"k":100,"ix":5},"r":1,"bm":0,"nm":"Fill 1","mn":"ADBE Vector Graphic - Fill","hd":false},{"ty":"tr","p":{"a":0,"k":[149.299,52.924],"ix":2},"a":{"a":0,"k":[0,0],"ix":1},"s":{"a":0,"k":[100,100],"ix":3},"r":{"a":0,"k":0,"ix":6},"o":{"a":0,"k":100,"ix":7},"sk":{"a":0,"k":0,"ix":4},"sa":{"a":0,"k":0,"ix":5},"nm":"Transformar"}],"nm":"Group 5","np":2,"cix":2,"bm":0,"ix":5,"mn":"ADBE Vector Group","hd":false},{"ty":"gr","it":[{"ind":0,"ty":"sh","ix":1,"ks":{"a":0,"k":{"i":[[-12.699,32.5],[0,0],[-5.605,-17.93],[11.954,0],[22.786,-1.12],[0,0],[-28.67,0]],"o":[[0,0],[0,0],[5.602,17.931],[-11.953,0],[-22.785,1.121],[0,0],[24.291,0]],"v":[[19.424,-39.595],[79.565,-39.595],[79.939,2.242],[74.708,36.235],[-8.965,38.474],[-86.662,38.474],[-47.673,14.429]],"c":true},"ix":2},"nm":"Path 1","mn":"ADBE Vector Shape - Group","hd":false},{"ty":"fl","c":{"a":0,"k":[0.950362384319,0.902421593666,0.902421593666,1],"ix":4},"o":{"a":0,"k":100,"ix":5},"r":1,"bm":0,"nm":"Fill 1","mn":"ADBE Vector Graphic - Fill","hd":false},{"ty":"tr","p":{"a":0,"k":[86.912,39.845],"ix":2},"a":{"a":0,"k":[0,0],"ix":1},"s":{"a":0,"k":[100,100],"ix":3},"r":{"a":0,"k":0,"ix":6},"o":{"a":0,"k":100,"ix":7},"sk":{"a":0,"k":0,"ix":4},"sa":{"a":0,"k":0,"ix":5},"nm":"Transformar"}],"nm":"Group 6","np":2,"cix":2,"bm":0,"ix":6,"mn":"ADBE Vector Group","hd":false}],"ip":0,"op":150,"st":0,"bm":0},{"ddd":0,"ind":14,"ty":4,"nm":"leg1","sr":1,"ks":{"o":{"a":0,"k":100,"ix":11},"r":{"a":1,"k":[{"i":{"x":[0.44],"y":[1]},"o":{"x":[0.56],"y":[0]},"t":8,"s":[-4.754]},{"i":{"x":[0.601],"y":[1]},"o":{"x":[0.162],"y":[0]},"t":24,"s":[8.882]},{"i":{"x":[0.833],"y":[1]},"o":{"x":[0.339],"y":[0]},"t":129,"s":[8.882]},{"t":145,"s":[-4.754]}],"ix":10},"p":{"a":0,"k":[279.292,851.311,0],"ix":2,"l":2},"a":{"a":0,"k":[43.254,238.396,0],"ix":1,"l":2},"s":{"a":0,"k":[-105,105,100],"ix":6,"l":2}},"ao":0,"shapes":[{"ty":"gr","it":[{"ind":0,"ty":"sh","ix":1,"ks":{"a":0,"k":{"i":[[-8.778,-55.79],[11.141,-31.945],[0,0],[16.547,-10.432],[-5.078,30.998]],"o":[[2.581,16.399],[-6.641,19.047],[0,0],[0,0],[5.077,-31.001]],"v":[[45.423,-62.356],[31.444,62.808],[17.499,118.145],[-28.725,108.702],[-42.926,-79.722]],"c":true},"ix":2},"nm":"Path 1","mn":"ADBE Vector Shape - Group","hd":false},{"ty":"fl","c":{"a":0,"k":[0.984313785329,0.63137254902,0.607843137255,1],"ix":4,"x":"var $bm_rt;\ntry {\n    $bm_rt = thisComp.layer('Controller')('Effects')('Color 4')('ADBE Color Control-0001');\n} catch (e) {\n    $bm_rt = value;\n}"},"o":{"a":0,"k":100,"ix":5},"r":1,"bm":0,"nm":"Fill 1","mn":"ADBE Vector Graphic - Fill","hd":false},{"ty":"tr","p":{"a":0,"k":[48.254,118.396],"ix":2},"a":{"a":0,"k":[0,0],"ix":1},"s":{"a":0,"k":[100,100],"ix":3},"r":{"a":0,"k":0,"ix":6},"o":{"a":0,"k":100,"ix":7},"sk":{"a":0,"k":0,"ix":4},"sa":{"a":0,"k":0,"ix":5},"nm":"Transformar"}],"nm":"Group 1","np":2,"cix":2,"bm":0,"ix":1,"mn":"ADBE Vector Group","hd":false}],"ip":0,"op":150,"st":0,"bm":0},{"ddd":0,"ind":15,"ty":4,"nm":"foot2","sr":1,"ks":{"o":{"a":0,"k":100,"ix":11},"r":{"a":1,"k":[{"i":{"x":[0.44],"y":[1]},"o":{"x":[0.56],"y":[0]},"t":8,"s":[-10.236]},{"i":{"x":[0.601],"y":[1]},"o":{"x":[0.162],"y":[0]},"t":24,"s":[3.393]},{"i":{"x":[0.833],"y":[1]},"o":{"x":[0.339],"y":[0]},"t":129,"s":[3.393]},{"t":145,"s":[-10.236]}],"ix":10},"p":{"a":0,"k":[117.406,905.976,0],"ix":2,"l":2},"a":{"a":0,"k":[30.399,164.9,0],"ix":1,"l":2},"s":{"a":0,"k":[-105,105,100],"ix":6,"l":2}},"ao":0,"shapes":[{"ty":"gr","it":[{"ind":0,"ty":"sh","ix":1,"ks":{"a":0,"k":{"i":[[0,0],[-0.188,0.084],[0,0],[-6.18,-18.842]],"o":[[-6.827,-20.814],[0,0],[-0.691,0.303],[0,0]],"v":[[-2.999,14.653],[8.919,-14.653],[9.826,-12.587],[-0.856,13.95]],"c":true},"ix":2},"nm":"Path 1","mn":"ADBE Vector Shape - Group","hd":false},{"ty":"fl","c":{"a":0,"k":[0.19199999641,0.128999986836,0.075,1],"ix":4,"x":"var $bm_rt;\ntry {\n    $bm_rt = thisComp.layer('Controller')('Effects')('Color')('ADBE Color Control-0001');\n} catch (e) {\n    $bm_rt = value;\n}"},"o":{"a":0,"k":100,"ix":5},"r":1,"bm":0,"nm":"Fill 1","mn":"ADBE Vector Graphic - Fill","hd":false},{"ty":"tr","p":{"a":0,"k":[31.599,64.259],"ix":2},"a":{"a":0,"k":[0,0],"ix":1},"s":{"a":0,"k":[100,100],"ix":3},"r":{"a":0,"k":0,"ix":6},"o":{"a":0,"k":100,"ix":7},"sk":{"a":0,"k":0,"ix":4},"sa":{"a":0,"k":0,"ix":5},"nm":"Transformar"}],"nm":"Group 1","np":2,"cix":2,"bm":0,"ix":1,"mn":"ADBE Vector Group","hd":false},{"ty":"gr","it":[{"ind":0,"ty":"sh","ix":1,"ks":{"a":0,"k":{"i":[[0,0],[-0.19,0.084],[0,0],[-6.182,-18.842]],"o":[[-6.826,-20.816],[0,0],[-0.691,0.303],[0,0]],"v":[[-3,14.653],[8.921,-14.653],[9.826,-12.587],[-0.854,13.949]],"c":true},"ix":2},"nm":"Path 1","mn":"ADBE Vector Shape - Group","hd":false},{"ty":"fl","c":{"a":0,"k":[0.19199999641,0.128999986836,0.075,1],"ix":4,"x":"var $bm_rt;\ntry {\n    $bm_rt = thisComp.layer('Controller')('Effects')('Color')('ADBE Color Control-0001');\n} catch (e) {\n    $bm_rt = value;\n}"},"o":{"a":0,"k":100,"ix":5},"r":1,"bm":0,"nm":"Fill 1","mn":"ADBE Vector Graphic - Fill","hd":false},{"ty":"tr","p":{"a":0,"k":[38.323,77.987],"ix":2},"a":{"a":0,"k":[0,0],"ix":1},"s":{"a":0,"k":[100,100],"ix":3},"r":{"a":0,"k":0,"ix":6},"o":{"a":0,"k":100,"ix":7},"sk":{"a":0,"k":0,"ix":4},"sa":{"a":0,"k":0,"ix":5},"nm":"Transformar"}],"nm":"Group 2","np":2,"cix":2,"bm":0,"ix":2,"mn":"ADBE Vector Group","hd":false},{"ty":"gr","it":[{"ind":0,"ty":"sh","ix":1,"ks":{"a":0,"k":{"i":[[0,0],[-3.136,6.627],[-4.911,0],[0,0],[3.344,-7.069],[-17.796,-21.704]],"o":[[-18.612,-22.705],[3.393,-7.168],[0,0],[-3.349,0],[-2.953,6.239],[0,0]],"v":[[7.353,29.683],[-2.841,-17.51],[11.259,-29.683],[11.259,-27.428],[-0.802,-16.545],[9.096,28.252]],"c":true},"ix":2},"nm":"Path 1","mn":"ADBE Vector Shape - Group","hd":false},{"ty":"fl","c":{"a":0,"k":[0.19199999641,0.128999986836,0.075,1],"ix":4,"x":"var $bm_rt;\ntry {\n    $bm_rt = thisComp.layer('Controller')('Effects')('Color')('ADBE Color Control-0001');\n} catch (e) {\n    $bm_rt = value;\n}"},"o":{"a":0,"k":100,"ix":5},"r":1,"bm":0,"nm":"Fill 1","mn":"ADBE Vector Graphic - Fill","hd":false},{"ty":"tr","p":{"a":0,"k":[44.418,41.282],"ix":2},"a":{"a":0,"k":[0,0],"ix":1},"s":{"a":0,"k":[100,100],"ix":3},"r":{"a":0,"k":0,"ix":6},"o":{"a":0,"k":100,"ix":7},"sk":{"a":0,"k":0,"ix":4},"sa":{"a":0,"k":0,"ix":5},"nm":"Transformar"}],"nm":"Group 3","np":2,"cix":2,"bm":0,"ix":3,"mn":"ADBE Vector Group","hd":false},{"ty":"gr","it":[{"ind":0,"ty":"sh","ix":1,"ks":{"a":0,"k":{"i":[[0,-13.451],[10.472,0],[0,13.453],[-10.469,0]],"o":[[0,13.453],[-10.469,0],[0,-13.451],[10.472,0]],"v":[[18.958,-0.001],[-0.002,24.357],[-18.958,-0.001],[-0.002,-24.357]],"c":true},"ix":2},"nm":"Path 1","mn":"ADBE Vector Shape - Group","hd":false},{"ty":"fl","c":{"a":0,"k":[0.859000052658,0.791999966491,0.760999971278,1],"ix":4,"x":"var $bm_rt;\ntry {\n    $bm_rt = thisComp.layer('Controller').effect('Color 9')('ADBE Color Control-0001');\n} catch (e) {\n    $bm_rt = value;\n}"},"o":{"a":0,"k":100,"ix":5},"r":1,"bm":0,"nm":"Fill 1","mn":"ADBE Vector Graphic - Fill","hd":false},{"ty":"tr","p":{"a":0,"k":[84.021,49.052],"ix":2},"a":{"a":0,"k":[0,0],"ix":1},"s":{"a":0,"k":[100,100],"ix":3},"r":{"a":0,"k":0,"ix":6},"o":{"a":0,"k":100,"ix":7},"sk":{"a":0,"k":0,"ix":4},"sa":{"a":0,"k":0,"ix":5},"nm":"Transformar"}],"nm":"Group 4","np":2,"cix":2,"bm":1,"ix":4,"mn":"ADBE Vector Group","hd":false},{"ty":"gr","it":[{"ind":0,"ty":"sh","ix":1,"ks":{"a":0,"k":{"i":[[-2.96,16.789],[1.07,9.926],[-5.864,15.764],[-1.077,-0.181],[6.245,-25.251],[-5.485,-23.939],[16.53,0],[9.323,-0.054],[-1.667,1.205]],"o":[[3.655,-20.754],[-1.239,-11.441],[7.056,-18.963],[26.187,4.386],[-6.445,26.054],[5.486,23.943],[-8.426,0],[-2.058,0.012],[6.968,-5.032]],"v":[[-14.759,39.971],[-14.755,-12.437],[-16.068,-56.217],[3.272,-74.47],[31.84,-26.24],[27.122,41.743],[-3.555,75.082],[-35.162,75.168],[-36.418,71.35]],"c":true},"ix":2},"nm":"Path 1","mn":"ADBE Vector Shape - Group","hd":false},{"ty":"fl","c":{"a":0,"k":[0.859000052658,0.791999966491,0.760999971278,1],"ix":4,"x":"var $bm_rt;\ntry {\n    $bm_rt = thisComp.layer('Controller')('Effects')('Color 9')('ADBE Color Control-0001');\n} catch (e) {\n    $bm_rt = value;\n}"},"o":{"a":0,"k":100,"ix":5},"r":1,"bm":0,"nm":"Fill 1","mn":"ADBE Vector Graphic - Fill","hd":false},{"ty":"tr","p":{"a":0,"k":[76.463,92.323],"ix":2},"a":{"a":0,"k":[0,0],"ix":1},"s":{"a":0,"k":[100,100],"ix":3},"r":{"a":0,"k":0,"ix":6},"o":{"a":0,"k":100,"ix":7},"sk":{"a":0,"k":0,"ix":4},"sa":{"a":0,"k":0,"ix":5},"nm":"Transformar"}],"nm":"Group 5","np":2,"cix":2,"bm":0,"ix":5,"mn":"ADBE Vector Group","hd":false},{"ty":"gr","it":[{"ind":0,"ty":"sh","ix":1,"ks":{"a":0,"k":{"i":[[-2.666,15.134],[1.07,9.926],[-5.864,15.764],[-1.077,-0.181],[6.244,-25.251],[-5.486,-23.939],[16.53,0],[9.135,-0.064],[-2.303,1.77]],"o":[[3.656,-20.754],[-1.239,-11.441],[7.054,-18.963],[26.185,4.386],[-6.444,26.054],[5.483,23.943],[-7.613,0],[-2.904,0.02],[7.01,-5.385]],"v":[[-15.534,39.948],[-15.527,-12.46],[-16.84,-56.24],[2.5,-74.493],[31.067,-26.263],[26.35,41.72],[-4.327,75.059],[-33.123,75.183],[-35.008,69.753]],"c":true},"ix":2},"nm":"Path 1","mn":"ADBE Vector Shape - Group","hd":false},{"ty":"fl","c":{"a":0,"k":[1,1,1,1],"ix":4,"x":"var $bm_rt;\ntry {\n    $bm_rt = thisComp.layer('Controller')('Effects')('Color 5')('ADBE Color Control-0001');\n} catch (e) {\n    $bm_rt = value;\n}"},"o":{"a":0,"k":100,"ix":5},"r":1,"bm":0,"nm":"Fill 1","mn":"ADBE Vector Graphic - Fill","hd":false},{"ty":"tr","p":{"a":0,"k":[70.698,92.346],"ix":2},"a":{"a":0,"k":[0,0],"ix":1},"s":{"a":0,"k":[100,100],"ix":3},"r":{"a":0,"k":0,"ix":6},"o":{"a":0,"k":100,"ix":7},"sk":{"a":0,"k":0,"ix":4},"sa":{"a":0,"k":0,"ix":5},"nm":"Transformar"}],"nm":"Group 6","np":2,"cix":2,"bm":0,"ix":6,"mn":"ADBE Vector Group","hd":false},{"ty":"gr","it":[{"ind":0,"ty":"sh","ix":1,"ks":{"a":0,"k":{"i":[[-5.854,-34.402],[-10.929,-30.395],[2.334,-11.671],[7.381,-4.781],[-2.83,0.024],[-10.026,0],[5.492,23.946],[-6.427,26.05],[28.571,4.761],[6.343,4.171],[2.438,2.348]],"o":[[14.797,11.066],[3.819,10.599],[-2.037,10.183],[-2.374,1.537],[10.214,-0.081],[16.526,0],[-5.473,-23.948],[6.453,-26.05],[-10.249,-1.689],[-3.685,-2.435],[0,0]],"v":[[-48.125,-43.548],[-11.999,23.154],[-5.976,55.603],[-23.484,79.523],[-23.029,83.617],[12.151,83.43],[42.81,50.096],[47.526,-17.892],[16.432,-66.633],[-8.39,-76.311],[-17.564,-83.641]],"c":true},"ix":2},"nm":"Path 1","mn":"ADBE Vector Shape - Group","hd":false},{"ty":"fl","c":{"a":0,"k":[0.949019610882,0.901960790157,0.901960790157,1],"ix":4},"o":{"a":0,"k":100,"ix":5},"r":1,"bm":0,"nm":"Fill 1","mn":"ADBE Vector Graphic - Fill","hd":false},{"ty":"tr","p":{"a":0,"k":[54.229,83.89],"ix":2},"a":{"a":0,"k":[0,0],"ix":1},"s":{"a":0,"k":[100,100],"ix":3},"r":{"a":0,"k":0,"ix":6},"o":{"a":0,"k":100,"ix":7},"sk":{"a":0,"k":0,"ix":4},"sa":{"a":0,"k":0,"ix":5},"nm":"Transformar"}],"nm":"Group 7","np":2,"cix":2,"bm":0,"ix":7,"mn":"ADBE Vector Group","hd":false}],"ip":0,"op":150,"st":0,"bm":0},{"ddd":0,"ind":16,"ty":4,"nm":"leg2","sr":1,"ks":{"o":{"a":0,"k":100,"ix":11},"r":{"a":1,"k":[{"i":{"x":[0.44],"y":[1]},"o":{"x":[0.56],"y":[0]},"t":8,"s":[-9.125]},{"i":{"x":[0.601],"y":[1]},"o":{"x":[0.162],"y":[0]},"t":24,"s":[0]},{"i":{"x":[0.833],"y":[1]},"o":{"x":[0.339],"y":[0]},"t":129,"s":[0]},{"t":145,"s":[-9.125]}],"ix":10},"p":{"a":1,"k":[{"i":{"x":0.44,"y":1},"o":{"x":0.56,"y":0},"t":8,"s":[202.786,628.234,0],"to":[9.625,2.712,0],"ti":[-9.625,-2.712,0]},{"i":{"x":0.601,"y":0.522},"o":{"x":0.162,"y":0},"t":24,"s":[260.536,644.509,0],"to":[0,0,0],"ti":[0,0,0]},{"i":{"x":0.833,"y":1},"o":{"x":0.339,"y":0},"t":129,"s":[260.536,644.509,0],"to":[0,0,0],"ti":[0,0,0]},{"t":145,"s":[202.786,628.234,0]}],"ix":2,"l":2},"a":{"a":0,"k":[32.573,36.033,0],"ix":1,"l":2},"s":{"a":0,"k":[-105,105,100],"ix":6,"l":2}},"ao":0,"shapes":[{"ty":"gr","it":[{"ind":0,"ty":"sh","ix":1,"ks":{"a":0,"k":{"i":[[-43.746,-35.72],[-13.003,-31.234],[0,0],[5.373,-18.807],[16.889,26.487]],"o":[[12.861,10.498],[7.751,18.622],[0,0],[0,0],[-16.888,-26.483]],"v":[[26.868,-51.062],[69.954,21.483],[87.322,43.073],[65.806,86.783],[-70.434,-44.154]],"c":true},"ix":2},"nm":"Path 1","mn":"ADBE Vector Shape - Group","hd":false},{"ty":"fl","c":{"a":0,"k":[0.984313785329,0.63137254902,0.607843137255,1],"ix":4,"x":"var $bm_rt;\ntry {\n    $bm_rt = thisComp.layer('Controller')('Effects')('Color 4')('ADBE Color Control-0001');\n} catch (e) {\n    $bm_rt = value;\n}"},"o":{"a":0,"k":100,"ix":5},"r":1,"bm":0,"nm":"Fill 1","mn":"ADBE Vector Graphic - Fill","hd":false},{"ty":"tr","p":{"a":0,"k":[87.572,87.033],"ix":2},"a":{"a":0,"k":[0,0],"ix":1},"s":{"a":0,"k":[100,100],"ix":3},"r":{"a":0,"k":0,"ix":6},"o":{"a":0,"k":100,"ix":7},"sk":{"a":0,"k":0,"ix":4},"sa":{"a":0,"k":0,"ix":5},"nm":"Transformar"}],"nm":"Group 1","np":2,"cix":2,"bm":0,"ix":1,"mn":"ADBE Vector Group","hd":false}],"ip":0,"op":150,"st":0,"bm":0}],"markers":[]}